driverId,name,ssn,location,certified,wage-plan
10,Jacob Lewis,479-37-1267,"9375 Frazier Greens
South Jose, AR 17624",Y,hours
11,Emily Ramirez,257-09-3673,"1356 Holland Route
Barrettstad, MN 64871",N,miles
12,Jacob Payne,153-64-9096,"89644 Alexa Row
West Jessicafurt, NC 64107",Y,hours
13,Stephen Chase,121-50-2900,"0282 Smith Views
Lake Louis, GU 78236",N,miles
14,Jacob Miller,616-34-9827,"1350 Michael Dale
Matthewfurt, MT 23869",Y,hours
15,Richard Luna,589-93-9058,"539 Rivera Grove
West Catherine, NM 08707",N,miles
16,Ashley Brown,647-02-3655,"815 Johnson Turnpike
Debramouth, NC 32841",Y,hours
17,Laura Rodriguez,789-06-9880,"479 Wood Run Suite 409
Howardton, AR 87689",N,miles
18,Daniel Clark,148-46-4491,"43064 Lozano Forks Apt. 271
Lake Jeffrey, MI 03571",N,miles
19,Kimberly Clark,662-20-7583,"0214 Mosley Parkways
Jackmouth, LA 44259",N,hours
20,Christopher Juarez,259-06-7490,"71619 Morgan Trafficway
South Vanessa, MS 87238",Y,hours
21,Michael Smith,293-37-2594,"Unit 5787 Box 4073
DPO AA 46886",Y,hours
22,Phillip Barrera,085-47-8264,"4233 Rodriguez Island
South Jessica, WY 55052",N,miles
23,Oscar Mcknight,554-47-3065,"5643 Charles Fords Suite 681
Lake Stacey, NM 76280",N,miles
24,Donna Vazquez,117-66-6394,"0389 Obrien Track Suite 632
Laurachester, WV 81930",Y,hours
25,Gary Hansen,634-38-5083,"039 Holly Ramp
Lake Erikatown, MD 42592",N,miles
26,James Watson,765-05-7080,"12006 Dawn Lake Apt. 814
Angelatown, AS 18291",N,miles
27,Pamela Smith,165-45-1387,"6693 Lopez Walk
Duranstad, SC 50819",N,hours
28,Zachary Garcia,695-35-3435,"15284 Wood Shoal
Gonzalezburgh, DE 86355",N,hours
29,Patricia David,543-41-5170,"8267 John Gateway
East Richardmouth, LA 43409",Y,hours
30,Kerry Hamilton,205-39-8611,"43326 Ryan Path Apt. 986
Wagnerborough, NE 26509",N,miles
31,Roger Campbell,380-04-1823,"85583 Alexandria Turnpike Suite 185
Hermantown, RI 85733",N,hours
32,Melvin Reese MD,616-23-1909,"34510 Bradley Mountain
Carlamouth, HI 32779",Y,hours
33,Sally Cline,820-96-7027,"975 Kari Estate Apt. 349
South Cindyville, NH 65867",Y,miles
34,Michelle Roy,196-92-9494,"779 Guerrero Square
Ruizport, HI 74177",N,hours
35,Denise West,502-53-6829,"8924 Howard Port Apt. 402
Parksbury, VI 76679",N,miles
36,Christopher Boone,593-28-4581,"8856 Morton Grove Suite 325
Nataliestad, CO 17027",Y,miles
37,Jay Blevins,066-73-2910,"03396 Carter Views
West Teresa, MA 16324",N,hours
38,James Vazquez,822-68-9372,"03556 Turner Ridges
Lake Gina, UT 76482",N,hours
39,Gina Macdonald,517-78-1722,"9910 Nguyen Cove
New Baileyfurt, MP 03828",N,hours
40,Joseph Becker,811-05-4886,"6246 Melody Drive
New Robyn, MH 83068",Y,miles
41,Jason Wilson,102-70-3850,"3597 Gilbert Port Apt. 663
Lake Stacyburgh, RI 32832",Y,miles
42,Candace Wells,628-15-3076,"5258 Thomas Locks
East Elizabethborough, VI 80146",Y,miles
43,Roy Thomas,718-49-0741,"8414 Coffey Row
New Kathyfurt, AL 05487",Y,miles
44,Joseph Williamson,159-70-2498,"08939 Brandon Rapids Suite 881
South Michelle, WY 88295",N,hours
45,Brooke Wolf DVM,365-63-0528,"601 Hill Valleys
Edgarland, CT 32881",Y,hours
46,Laura Rodriguez,509-49-2659,"8756 Stevens Dam Suite 486
West Helenstad, NY 25896",Y,miles
47,Patrick Ray,653-32-6305,"6310 Sandra Throughway
Gillespieshire, SC 01498",N,miles
48,Jordan Williams,712-35-6484,"016 Anthony Drives
South Kimberly, NH 80824",N,miles
49,Carol Glover,878-95-0166,"16217 Gray Fords Suite 155
New Caitlynstad, MD 56326",N,miles
50,Timothy Tate,715-09-2504,"661 Meza Row
North Anthonystad, RI 22924",N,miles
51,Jamie Thomas,046-23-9376,"723 Johnson Coves
Russellhaven, CO 17502",N,miles
52,Angela Perkins,096-35-5610,"126 Tyler Vista Suite 083
North Cassie, VI 03860",N,hours
53,Ashley Young,782-43-1193,"337 Smith Corner
Port Eric, FM 13608",N,miles
54,Paul Cook,762-17-2321,"770 Ramos Ridge Suite 702
Tammyberg, NV 44475",Y,miles
55,Ruth Mcdaniel,600-76-7561,"8087 George Garden Apt. 220
Port Jennifertown, NE 59758",N,miles
56,Michelle Mendez,438-77-8684,"734 Spears Manor
North Antonio, ND 59628",Y,miles
57,Terry Galloway,178-78-1667,"456 Johnson Mountains Apt. 158
East Jeanton, OR 99290",N,hours
58,Chad Sanchez,616-43-0043,"4882 Patricia Plaza Suite 991
Sandraport, ND 05815",N,hours
59,Carolyn Mcdonald,726-17-1021,"364 Mcguire Island
West Kennethfort, PW 57238",N,miles
60,Kenneth Ward,400-39-9274,"2090 Nathaniel Pine
Savannahborough, CT 66467",Y,miles
61,Shannon Sanford,896-34-0180,"54376 David Underpass
West Gerald, MH 97580",Y,miles
62,Eric Sharp,543-40-0290,"541 Amy Harbors Suite 023
Jeffreyside, IL 32727",Y,hours
63,Matthew Brown,221-20-7759,"21153 Shawna Trace Apt. 290
New Aaron, AK 14506",N,miles
64,Jeffrey Cardenas,161-67-7610,"28391 Amanda Divide Suite 085
South Michael, NY 65256",N,hours
65,Anthony Wilcox,582-56-8069,"231 Keith Estates Apt. 655
Ashleychester, PA 40111",N,hours
66,Alex Mcbride,126-44-9631,"036 Barbara Cliff Apt. 478
New Waltershire, AL 54585",N,hours
67,Jennifer Rios,313-41-9878,"14333 Christopher Lodge Suite 528
Katherinechester, CA 48182",N,miles
68,William Dixon,622-40-6745,"5465 Brittany Mills
Dianamouth, PW 30188",Y,miles
69,Theodore Chen,542-33-4684,"51691 Natalie Road Suite 083
Brookeland, WY 87915",Y,hours
70,Jasmine Wilkinson,672-18-2479,"Unit 0698 Box 1626
DPO AP 73934",Y,hours
71,Tammie Carson,669-50-1364,"28204 Joseph Neck
South Andrew, FM 76157",Y,miles
72,Amanda Mccoy,053-20-5850,"6170 Erica Plaza
Sanchezchester, GA 23027",Y,hours
73,Ryan Shaw,869-20-5681,"3724 Nancy Terrace Suite 415
Jonesfurt, HI 47729",Y,miles
74,Christopher Mcdonald,001-47-9031,"6158 Rhonda Locks Apt. 404
Ashleyland, AS 66857",N,miles
75,Donald Stewart DVM,293-42-0377,"05994 Eddie Drives Apt. 044
East Linda, OH 59010",N,miles
76,Wendy Gomez,682-63-7961,"0872 Molina Canyon
West Josephmouth, MD 46887",N,hours
77,Daniel Lowe,445-67-7969,"60859 Patrick Landing Suite 829
West Reginachester, NV 71889",Y,miles
78,Cynthia Harrington,681-37-2433,"93211 Kevin Knoll
New Bethanyville, DE 08577",N,hours
79,Gregg Hernandez,234-50-5921,"535 Jeremy Path Suite 005
Bryanville, KS 71345",N,miles
80,William Holland,309-10-6653,"563 Black Harbor
Bradleyfort, MH 74289",N,miles
81,Christopher Gregory,047-13-3834,"Unit 4432 Box 1011
DPO AA 39999",N,hours
82,Derek Smith,573-02-9340,"29593 Lester Harbors Apt. 790
Jessicaborough, AZ 94893",Y,hours
83,Lisa Mclaughlin,325-37-2193,"92388 Wright Trace
Lake Lauren, WV 49476",Y,hours
84,Beth Taylor,423-67-7702,"753 Tiffany Knoll Apt. 005
South Jenniferchester, IL 76081",N,hours
85,Patrick Finley,842-51-8411,"1033 Fisher Road
Port Joseph, FL 09244",Y,miles
86,Jorge Robinson,422-62-7770,"PSC 3061, Box 2467
APO AA 75310",Y,miles
87,Kevin Thompson,855-01-0926,"557 Rachel Park
Lake Steven, DE 87684",Y,miles
88,Andrea Cook,447-17-4758,"615 Lisa Corners Suite 762
West Bridgetchester, VA 01276",N,miles
89,Katherine Cobb,761-69-8980,"70980 Cunningham Pass
New Debraside, CT 79344",Y,miles
90,Becky Saunders,514-38-3821,"67491 Ramirez Coves Apt. 431
Savageton, OR 28023",Y,hours
91,Crystal Hoffman,736-65-9169,"44861 Jackson Garden
Morganmouth, NC 74669",Y,hours
92,Carlos Vasquez,819-43-1617,"40165 Martin Knoll Suite 379
North Robertton, IA 12463",N,miles
93,Patricia Smith,670-50-3487,"264 Eric Oval Suite 404
Danielstown, UT 35581",Y,hours
94,Douglas Murphy,374-52-5353,"409 Stephens Grove Suite 557
East Calvin, CT 91047",Y,miles
95,Jeffrey Wilson,704-90-0525,"6526 Myers Ports
Grahamton, AK 44515",N,hours
96,Christopher Watson,359-31-2451,"9612 Brooke Circle Apt. 678
Laurachester, PW 76586",N,hours
97,Rachel Shaw,260-54-2849,"3895 Luke Mountains Suite 362
Lake Matthew, NE 18667",N,miles
98,Melissa Davidson,115-32-1409,"6743 Cruz Radial Apt. 843
North Jamesfurt, AL 68402",Y,hours
99,Zachary Baker,502-54-1579,"8282 Garcia Forges Apt. 984
Lake Peterberg, DC 34596",Y,hours
100,Shirley Murphy,500-22-9466,"358 Murphy Ford
Port Morganton, IN 92902",N,hours
101,Steve Holt,251-66-9869,"1307 Brooks Terrace
Lake Tracey, MH 06941",Y,hours
102,Robin Phillips,295-63-2980,"324 Hart Road
South Austinchester, IL 92641",Y,miles
103,Jorge Lee,861-49-8010,"9794 Matthews Divide Suite 025
Bakerbury, VT 35126",Y,hours
104,Keith Davis,494-42-6233,"14317 John Crossroad Suite 524
New Jennachester, PA 48592",N,miles
105,Sophia Kerr,846-50-9599,"USS Morris
FPO AA 17590",Y,hours
106,Mary Mccall,470-45-4375,"8468 Sean Keys
Ramirezmouth, ID 59667",Y,hours
107,Kevin Gray,559-64-5298,"90864 Andrea Harbor
New Roberta, MO 18078",Y,miles
108,Sarah Adams,109-83-4713,"04309 Bailey Valleys Apt. 471
East Denise, MO 21730",N,miles
109,Peter Young,434-51-0846,"9544 Ross Course
Robinfort, MN 88018",Y,miles
110,Karen Dudley,677-56-9742,"0495 Jones Plaza Suite 085
West Maria, FL 48560",Y,hours
111,Lauren Santos,494-90-4666,"828 Katherine Plains Apt. 318
New Josebury, MT 71403",Y,hours
112,Jordan Flores MD,145-65-2006,"665 Ryan Courts Apt. 024
South Sheila, RI 74040",Y,hours
113,Katherine Martinez,298-78-0423,"87852 Brandon Curve
Lake Catherineton, UT 09062",Y,miles
114,Olivia Rose,216-79-4023,"PSC 7232, Box 2964
APO AP 12601",N,hours
115,Jacob Harrison,594-86-3898,"PSC 1098, Box 4296
APO AE 61709",Y,hours
116,Kelly Baldwin,719-57-6472,"24631 Wolfe Wall Apt. 210
New Rebecca, ID 81285",N,hours
117,Julie Chandler,800-86-0090,"7984 Robbins Gardens
West Thomas, OH 22535",N,hours
118,Kristin Nelson,518-15-9321,"USS Williams
FPO AA 08460",Y,miles
119,Tina Frazier,279-47-9829,"7155 Hayes Plain
Ramirezside, MN 45167",N,miles
120,Jennifer Newman,552-33-0423,"020 Rachael Wall Suite 857
Lake Stephen, CO 58876",N,hours
121,Heather Ramirez,437-13-9280,"759 Kimberly Island Suite 530
Lake Jessicahaven, ND 68743",Y,hours
122,Karen Sanders DVM,814-03-2750,"997 Ryan Mountain Apt. 713
Lake Anthonyview, OH 58946",Y,miles
123,Susan Smith,448-60-4197,"72660 Jeffrey Spurs
Lake Michaelview, MT 60440",Y,hours
124,Amy Peters,011-33-0517,"6725 Hayes Lane
Aaronhaven, ID 48383",Y,hours
125,Dorothy Williams,375-98-9986,"288 Bryan Path Apt. 947
Thomasville, IA 72212",Y,hours
126,Jeremy Montoya,716-63-9699,"7155 Kevin Manor
West Yvonne, MA 28578",N,miles
127,James Baldwin,180-70-3807,"9342 Cooper Valleys Suite 699
East Jamestown, WV 59353",Y,miles
128,Dean Day,420-68-5964,"492 Smith Drive
Port Jacob, MP 32575",Y,hours
129,Ryan Espinoza,746-79-9429,"958 Michael Fort
Hawkinstown, MN 09790",Y,hours
130,Mary Henry,629-58-0734,"429 Philip Forest Suite 109
North Georgefort, NE 28725",Y,hours
131,Robin Williams,239-81-7199,"3383 Williamson River Apt. 144
Ramirezstad, VA 52990",N,miles
132,Gregory Arellano,636-86-2777,"08709 Sherry Terrace
Lake Patrick, NE 54058",N,miles
133,Jessica Shaffer,631-95-7025,"3782 Clark Key Apt. 737
Parkerburgh, AS 74276",Y,miles
134,Jamie Garcia,879-26-1082,"472 Mcdaniel Spurs Apt. 870
Tammyport, GA 01647",Y,hours
135,Alejandra Phillips,786-89-5131,"412 Connie Stravenue Suite 201
North Anita, DC 45690",Y,miles
136,Kristen Flores,652-77-5948,"80010 Jeremy Fields Apt. 430
Lake Tommy, ND 50861",Y,miles
137,Tara Davis,446-15-3927,"330 Edward Mews Suite 917
Johnburgh, FL 10533",N,hours
138,Nicole Barnett,513-94-4796,"85633 Wells Radial
Port Brittney, ND 78233",Y,hours
139,Jeffrey Kelly,573-50-0832,"4470 Patricia Parkway Suite 092
Port Elizabeth, LA 59630",N,hours
140,Mr. Jordan Russell,313-93-2154,"68103 Harrington Heights
Robbinsberg, HI 92761",Y,miles
141,Jenna Ortiz,366-96-1703,"20587 Mason Dam
Brentchester, ND 61097",N,miles
142,Vanessa Douglas,687-31-3713,"PSC 4525, Box 2649
APO AA 97746",Y,miles
143,Linda Cook,859-07-3730,"663 Chad Cove
Port Michaelberg, NY 23404",Y,miles
144,Tammy Ferguson,718-59-7353,"8037 Estrada Mills Apt. 249
Hicksmouth, ID 93284",N,hours
145,Heather Molina,776-08-9679,"7335 Medina Camp
West Jose, WA 47997",Y,hours
146,Phillip Pittman,381-90-6222,"302 Weiss Tunnel
Hartberg, CA 95958",Y,hours
147,Arthur Palmer,676-01-1292,"575 Richardson Common
Port Rebeccamouth, MO 98519",Y,hours
148,Jennifer Rich,516-75-8484,"950 Erin Circles
West Lucashaven, ME 08794",N,miles
149,Christopher Rodriguez,684-21-4483,"60154 Kim Neck Apt. 667
Michaelshire, MS 27362",Y,hours
150,Jason Hernandez,592-80-6715,"7653 Michael Underpass
North Joseph, NM 43574",N,miles
151,Rebecca Reilly,336-39-2017,"083 Garcia Union Apt. 828
Johnberg, AL 65263",N,hours
152,Justin Munoz,260-24-7982,"541 Bryan Orchard
Sarahstad, MP 43805",N,miles
153,Rodney Hill,362-57-8414,"93914 Laura Plaza
Port Timothyview, MH 05264",N,miles
154,Joseph Moran,322-96-1466,"922 Kevin Ranch
North Christopherland, AR 77238",Y,hours
155,Donald Lewis,520-86-2407,"Unit 9151 Box 8372
DPO AA 16183",Y,miles
156,Denise Freeman,163-47-6065,"2648 Megan Mountain Suite 261
Michaelburgh, MN 32874",Y,hours
157,Patricia Ford,834-47-8151,"584 Tracey Junction Suite 137
Cainchester, KS 09013",N,hours
158,Christian Howard,786-07-0303,"323 Holly Groves
North Andrew, GA 45272",Y,hours
159,Jose Webb,876-43-6556,"44748 Brianna Junction
Greenport, FM 35429",N,miles
160,Jacob Dudley,684-29-7762,"4082 Benjamin Island Suite 379
Erictown, AR 38414",N,hours
161,Christopher Mosley,467-58-2463,"8741 Kristen Flat
New Shellyborough, MI 03654",N,hours
162,Matthew Goodman,625-29-1887,"777 Glenn Courts Apt. 269
New Christopher, FL 22083",Y,miles
163,George Lawrence,743-99-4905,"48048 Flores Falls
Barnesfort, MA 10386",Y,miles
164,Brad Ware,048-29-9611,"701 Dana Hill Suite 353
North Jacobstad, AK 64374",Y,miles
165,Glenn Brooks,296-80-6719,"827 Austin Turnpike Suite 521
South Caroline, CA 61228",Y,miles
166,Meredith Robinson,236-51-8237,"84145 Joyce Ramp
Robinsonton, ID 30380",Y,hours
167,Anthony Foster,341-17-0549,"80277 Brown Streets Apt. 647
Sherrychester, VT 62738",N,miles
168,Steven Roberts,388-37-3367,"06620 Carroll Branch
West Charleschester, ND 93451",N,miles
169,Rose Williams,274-05-2388,"736 Mendoza Stream Apt. 189
West Pamelastad, ND 41194",N,miles
170,Nicole Robinson,642-64-1724,"8948 Thompson Junctions
Lake Jacqueline, OK 88520",Y,miles
171,Timothy Taylor,522-85-7428,"7235 Rebecca Key
East Timothymouth, AS 52990",Y,hours
172,Amy Kidd,630-92-3060,"7287 Carr Hill
Davidhaven, AZ 36610",Y,miles
173,Dawn Patterson,533-97-3367,"2016 Rachel Ridge
Garzaborough, IN 65975",N,miles
174,Danielle Moss,274-86-3110,"980 Adams Land
South Debratown, AR 84126",Y,hours
175,Jennifer George,133-72-8004,"4144 Parks Well
North Timothyhaven, GU 17015",N,hours
176,Melissa Potts,449-75-5858,"0674 Sara Ville
North Abigail, DE 55651",N,miles
177,David Murphy,746-12-7976,"20720 Stevens Drives
South Amandaville, OH 72970",N,miles
178,Pamela Goodwin,654-14-3212,"5830 Jackson Cliff
South Victoria, CA 17612",Y,hours
179,Jose Rosales,520-01-7080,"082 Stevens River Apt. 507
Lake Larry, NC 44636",N,miles
180,Sierra Smith,222-77-7844,"0355 Nicole Prairie Apt. 315
Herrerashire, NY 27148",N,miles
181,Ryan Hughes,865-29-5368,"170 Johnson Stream
Jamesstad, MD 22970",Y,hours
182,Angie Sanchez,343-77-2570,"84461 Ellis Coves
Alexandermouth, WY 03810",Y,hours
183,Gary Barber,461-57-9911,"557 Wallace Village Suite 130
New Heather, PW 40923",N,miles
184,Benjamin Escobar,636-57-1355,"74853 Eric Row
South Michaelbury, IA 40232",Y,hours
185,Patricia Gomez,037-97-0072,"61552 Flores Park Apt. 617
Johnville, AR 46643",N,hours
186,Robert Moreno,016-43-8476,"1088 William Landing Apt. 210
Nicholashaven, NE 85005",Y,miles
187,Christopher Bowman,127-62-0579,"788 Jennifer Lodge
Lake Jefferyland, MD 06910",N,hours
188,Kyle Jones,743-58-7148,"936 Nicholas Glens
Elizabethton, TN 17460",N,miles
189,Regina Lewis,083-70-6732,"43976 Ruben Mission
New Aaron, VI 28720",N,hours
190,Ruth Le,610-66-6521,"719 Wilson Junctions
Port Grace, VA 29111",Y,hours
191,Melissa Thomas,280-32-4394,"842 Christopher Keys Suite 251
South Cindyberg, OK 94613",N,miles
192,Steve Cabrera,516-18-9742,"04819 Clayton Gardens Suite 711
Lake Rachel, OH 03560",Y,miles
193,Joseph Meyer,811-04-3162,"61736 Lewis Club Apt. 418
Wheelermouth, WY 81970",Y,hours
194,Daniel Mosley II,226-01-0973,"06398 Villa Landing
Rachelchester, IA 73779",N,hours
195,Christopher Simmons,877-16-9622,"6974 Morton Haven
West Amanda, AS 78573",N,hours
196,Barbara Zuniga,095-88-5025,"17377 Daniel Brooks
Lake James, VI 58964",N,miles
197,Madeline Hinton,793-51-3870,"761 Anderson Cliff
Jeremychester, WI 14437",Y,hours
198,Christian Sanchez,062-10-2286,"32396 Robinson Parkway
Port Gabriellemouth, OH 84125",N,hours
199,Alexander Hicks,632-07-6417,"28814 Vickie Highway
Kingview, DC 28179",N,miles
200,Sarah Johnston,506-49-1048,"60078 Amber Throughway Apt. 586
Davidberg, NC 19368",N,hours
201,Jodi Parker,599-08-2979,"PSC 7079, Box 0777
APO AE 20510",Y,miles
202,Sarah Roberts,580-08-2466,"07809 Pamela Junctions Suite 461
Lake Dennis, LA 30791",N,miles
203,Jason Hull,486-53-6230,"53920 Johnson Port
Port James, MN 08226",N,hours
204,David Dalton,291-17-1879,"9352 Ramsey River
Harperbury, WY 03910",Y,hours
205,April Gilbert,715-15-2082,"734 Mary Shoals Apt. 377
North Seanborough, DC 06210",N,miles
206,Nicholas Diaz,727-13-5709,"965 Johnson Spurs Apt. 104
South April, IN 99438",N,hours
207,Robert Bradford,735-87-9212,"2521 Michael Pines Apt. 598
South Rhonda, SC 48408",Y,miles
208,Jeffrey Petty,177-45-9753,"PSC 2262, Box 6130
APO AE 19235",Y,miles
209,Chase Weber,417-22-5133,"289 Jason Creek Suite 063
Paynefort, NH 53228",N,miles
210,Steven Mccormick,521-93-5634,"42318 Andrew Park
South Jaclyn, CO 26454",N,hours
211,Laurie Carson,030-03-1125,"079 Zachary Route
Brittanyshire, OK 52658",N,miles
212,Cory Young,285-31-3753,"67500 David Landing
Carrilloborough, AK 41174",N,miles
213,David Bradley,477-53-1753,"370 Kendra Flat Apt. 272
East Wendy, ND 02020",N,hours
214,Timothy Lewis,522-30-7169,"77951 Wilson Island Apt. 062
Port Andrew, NV 87531",N,miles
215,Judith Turner,205-84-1370,"89201 Hinton Streets Apt. 777
South Justin, SD 69320",Y,miles
216,Douglas Williams,450-16-3158,"689 Andrew Shoals Apt. 195
West Aaron, VT 20148",Y,hours
217,Tyler Payne,119-52-3143,"94661 Chavez Grove
Kathleenport, WI 51145",Y,miles
218,Olivia Walker,655-64-2428,"56742 Soto Grove
New Cindy, WA 62186",N,hours
219,Patrick Adams,637-17-0847,"USNS Cooper
FPO AP 43020",N,hours
220,Charles Evans,056-82-7074,"769 Owens Valleys
South Donna, SD 56965",Y,miles
221,Amy Shelton,552-34-1462,"9794 Velasquez Port
Lake Shannonhaven, AK 03438",N,miles
222,Olivia Henry,302-81-5453,"USNS Austin
FPO AP 91169",N,hours
223,Phillip Brennan,458-30-5429,"418 Chad Mall Suite 663
North Brian, DC 44376",N,miles
224,Guy Moore,549-73-6511,"USNS Rios
FPO AE 80374",Y,miles
225,David Barrett,600-55-0182,"514 Myers Loop Suite 021
North Danielberg, GA 93899",N,hours
226,Joseph Fleming,202-10-3221,"5866 Harris Walks Suite 484
Smithfort, KS 53610",N,miles
227,Megan Mcbride,182-54-4317,"PSC 2481, Box 0800
APO AE 54772",Y,hours
228,Matthew Fleming,844-65-8327,"3216 Michael Falls Suite 612
Lake Monica, SC 10410",Y,miles
229,Thomas Hernandez,665-15-9135,"114 Johnson Junctions Suite 432
Port Brandyside, SC 04743",Y,hours
230,Dawn Solis,724-53-5918,"1725 Joshua Trail
Warnermouth, VT 47642",Y,miles
231,Michael Williams,583-58-1779,"74836 Robles Harbors Suite 252
Smithview, MO 76416",Y,miles
232,John Ross,185-15-1835,"607 James Cliff Apt. 419
Nguyenstad, MI 19871",Y,miles
233,Matthew Lane PhD,064-05-0760,"4084 Aaron Land
North Larryview, CA 29989",Y,miles
234,Melanie Alvarez,498-25-9088,"989 April Well Suite 779
Wellsshire, SD 86628",N,hours
235,Alexis White MD,338-39-6782,"17345 Nicholas Fork Apt. 646
Haneyburgh, CO 60128",N,hours
236,Tracy Benson,527-76-4520,"9222 Cardenas Fords Apt. 158
East Richardview, AZ 76823",N,hours
237,Kelly Terry,277-86-5462,"576 Willie Court Suite 595
Port Ericton, HI 35065",Y,hours
238,Donald Smith,496-04-7711,"327 Sylvia Rapids Suite 675
South Robertland, MP 39304",Y,hours
239,Shane Huffman,059-22-0943,"64286 Patterson Avenue Apt. 804
West Tonyshire, AL 62042",N,hours
240,Andrew Wiley,742-22-7731,"USNV Anderson
FPO AP 92215",N,hours
241,Mrs. Laurie House,313-24-0318,"74967 Betty Fords
Port Nicholasborough, TN 33505",Y,miles
242,Marc Smith,434-43-1478,"Unit 0787 Box 3987
DPO AP 41302",Y,miles
243,Crystal Thomas,568-76-1902,"Unit 6739 Box 7737
DPO AE 31181",N,hours
244,Anita Garza,520-72-4340,"5302 Perez Roads
East Jillfort, VT 24120",N,miles
245,Linda Miller,540-92-6088,"12413 Thompson Forges
Richardfort, NV 23432",N,hours
246,Bill Orr,754-53-6983,"867 Michael Ridge
New Seanmouth, MO 93397",Y,hours
247,Ashley Reynolds,537-62-8786,"652 Long Village Apt. 732
New Jessicafurt, DC 22034",N,miles
248,Dr. Amber Taylor,749-18-0047,"3435 Green Road
Lutzmouth, CT 85552",N,miles
249,Lauren Welch,188-28-6967,"48998 Mack Mill
North Kristenhaven, MO 21225",Y,hours
250,Leslie Gamble,032-75-0474,"PSC 8102, Box 1366
APO AA 73510",N,hours
251,Louis Bishop,094-58-2763,"690 Anna Isle
New Jayberg, NV 28529",Y,miles
252,Tracey Evans,566-66-7078,"Unit 9246 Box 6979
DPO AE 77864",Y,miles
253,Claudia Owens,293-70-0015,"57066 Montoya Walk Apt. 984
Jasonview, NE 90006",Y,miles
254,Mary Cooper,525-34-7545,"PSC 8512, Box 1745
APO AA 08077",Y,miles
255,Brian Peterson,655-64-2231,"045 Jodi Creek
New Timothy, GU 86549",N,miles
256,Erica Carson,306-01-1484,"42635 Mitchell Loaf Apt. 413
Singhmouth, WI 30090",N,miles
257,Troy Hernandez,830-05-6553,"90598 Parrish Dam
West Jenniferfurt, AR 52058",Y,miles
258,Renee Martin,649-72-3221,"40519 Brennan Gateway
East Lindabury, VI 25475",Y,miles
259,Gabriel Black,695-45-2356,"5520 Douglas Plaza Apt. 890
Whiteport, OR 91295",Y,miles
260,Mark Schmidt,570-36-3310,"766 Laura Circles Suite 610
Taylorville, VI 81463",Y,miles
261,Amanda Bell,067-70-1441,"82874 Jonathan Lodge
South Lisaville, VA 15706",Y,miles
262,Jack Johnson,203-32-9133,"416 Nguyen Curve
North Robert, ND 26010",N,hours
263,Joshua Estrada,726-03-0570,"920 Smith Shoals Suite 419
Anitaside, MH 29764",Y,miles
264,Amy Gonzalez,585-13-3089,"USNS Bush
FPO AP 28139",N,hours
265,Victoria Mccarty,354-69-9565,"0696 Amy Drive Apt. 560
East Kevinbury, AZ 69008",Y,hours
266,Kenneth Parker,263-09-8130,"40617 Walton Harbor Suite 361
Woodwardbury, ND 90877",Y,hours
267,Adam Tucker,419-05-6713,"333 Hernandez Ramp Apt. 620
Scottland, GA 29575",N,miles
268,Angie Jones,828-56-5177,"07112 Burgess Coves
Robertside, PR 18644",Y,miles
269,Robert Lewis,186-29-7185,"7371 David Club Suite 842
Bobbybury, NH 02012",Y,hours
270,Valerie Morgan,451-14-6889,"981 Santiago Cape Apt. 508
Katrinaville, WA 26492",N,miles
271,Lisa Mitchell,429-57-5123,"34778 Maria Walk Apt. 772
North Leahburgh, CO 65982",Y,hours
272,Sonya Lowery,279-60-3650,"77818 Angela Mountain
Bakertown, AR 89547",Y,miles
273,Jesse Leonard,809-70-3072,"300 Garcia Estate Apt. 336
Ericabury, NE 21720",N,hours
274,Linda Williams,832-09-7058,"6054 Abigail Rapid
South Lindachester, MI 56289",Y,miles
275,Nicole Hernandez,363-20-7530,"95009 Medina Trafficway Suite 824
Ortizton, IL 60206",N,hours
276,Timothy Murphy,697-19-9514,"00692 Johnson Plains Suite 432
Johnsonton, NC 64249",Y,miles
277,Jay Nichols,299-70-9169,"1845 Reid Tunnel
Port Gail, NM 10731",N,miles
278,Jennifer Mason,016-84-8217,"8062 Carol Loaf
Tommybury, MO 22263",N,hours
279,Allison Davis,080-81-8724,"5037 Bryan Trace
Leeland, WA 08523",N,miles
280,Sarah Espinoza,594-31-5892,"271 Henry Islands
West Christopher, NV 52152",Y,miles
281,William Davis,310-35-1568,"8457 Henry Rapid Apt. 087
Payneberg, MO 07797",Y,hours
282,Micheal Pena,271-20-4054,"2408 Dawson Rapids Apt. 743
Jamesbury, MD 17939",N,miles
283,Amanda Walsh,879-41-8154,"6417 Rachel Plains
Mckaychester, DE 88799",Y,miles
284,Alexis Green,219-92-8670,"6618 Baker Causeway
Port Beth, VA 58152",Y,hours
285,Melanie Ford,138-04-0522,"2276 Figueroa Views
Lake Alice, KS 42717",N,miles
286,April Wood,155-17-4579,"971 Noah Wells Suite 304
West Jennifer, MA 84144",Y,miles
287,Wesley Austin,450-65-2102,"10959 Michael Village Apt. 551
West James, MT 01878",Y,hours
288,Zachary Blair,076-33-0748,"59967 Brittney Gateway Apt. 063
Delacruzborough, NC 11592",Y,hours
289,George Lee,659-87-1364,"Unit 0042 Box 1982
DPO AA 12536",Y,hours
290,Bradley Kane,060-04-9939,"8973 Dale Stream
Phillipschester, NM 95944",Y,hours
291,Eric Reeves,589-82-4537,"57376 Chloe Mountains Apt. 073
West Gregoryton, PW 70706",N,hours
292,Aaron Henry DDS,303-05-7834,"861 Johnson Estate Apt. 468
Rebeccahaven, WI 99660",N,miles
293,Robert Peterson,621-88-4267,"402 Michelle Station
Mitchelltown, WA 81798",N,miles
294,Robert Spence,336-31-3599,"5951 Melissa Gateway Suite 044
Nicholasstad, OH 26320",N,miles
295,Austin Payne,172-17-9722,"0215 Meyer Hills
West Douglasville, WA 32814",N,miles
296,Cameron Thomas,411-18-8187,"62371 Williams Meadows
South Adam, NE 43246",Y,hours
297,Anthony Hill,544-38-0546,"USS Snyder
FPO AE 37167",N,miles
298,Wendy Myers,391-57-0696,"857 Francisco Course
North Brett, WI 48578",Y,miles
299,John Gomez,196-52-4004,"27166 Foley Route Apt. 819
East Heathertown, MP 13607",Y,hours
300,Sean Leonard,450-33-2234,"Unit 9768 Box 3023
DPO AP 56783",N,hours
301,Anne Boyer,092-42-4585,"38510 Bonilla Mountain
Crystalmouth, CO 69957",N,miles
302,John Lawrence,696-68-6983,"9579 Barbara Springs Apt. 717
Huntmouth, ID 91445",N,hours
303,Marie Gregory,390-53-1656,"17510 Ellis Forks Apt. 102
Port Alison, PR 50603",Y,hours
304,Jorge Shaffer,583-01-1588,"022 Schmidt Point
Port Amandatown, KY 13172",Y,miles
305,Katrina Harmon,270-75-3727,"9518 Watkins Parks Apt. 487
North Jeremy, FM 48116",N,hours
306,Amanda Mills,634-93-0837,"2984 Wilkerson Rest
West Timothybury, AZ 02267",N,miles
307,Michael Gordon,550-78-4978,"PSC 8380, Box 9119
APO AA 56698",Y,miles
308,Danny Adams,412-65-2007,"58057 Kevin Path Suite 815
Ryanfort, ID 54400",Y,miles
309,Monique Cruz,640-35-5246,"4333 Monica Rest
Lake Joanmouth, SC 84411",N,miles
310,Jay Miller,395-97-7558,"98594 Sandra Glens Apt. 737
Laurachester, IN 97218",N,hours
311,Chad Patel,150-79-3394,"87877 Baker Glen Suite 283
Lake Corey, PR 58563",Y,miles
312,Richard Russo,500-78-2075,"5059 James Flats Suite 064
Mirandafurt, PA 26763",N,hours
313,Stephanie Salas,375-45-9782,"142 Martha Mission
North Christopherberg, IA 21933",N,hours
314,Kristopher Johnson,779-30-6742,"41010 Terry Ville Apt. 499
Santiagomouth, WI 60487",N,miles
315,Billy Woodward,889-22-0014,"7961 Jones Trafficway
Shawnside, OK 89914",Y,hours
316,Beth Lara,848-41-4316,"2154 Rose Ports
North Ian, IN 45410",Y,hours
317,Jaime Price,625-64-3506,"63052 Chavez Branch
East Cassie, NH 54863",Y,miles
318,Matthew Mahoney,743-68-5436,"9411 Williams View
Charleneshire, NM 67208",Y,hours
319,Erica Johnson,080-25-7254,"900 James Streets Suite 379
Port Johntown, GU 99205",N,miles
320,William Melton,097-59-2265,"19100 Mitchell Harbor
East Alicia, CT 67764",Y,miles
321,Andrea Gonzalez,441-40-8141,"366 Barrera Courts
Williamchester, NY 84806",N,hours
322,Beverly Stanton,364-16-4975,"4390 Cummings Manors
Lake James, NV 50340",N,hours
323,Lawrence Williams,662-04-4333,"90006 Nathaniel Extensions
Mooreland, GU 88151",Y,miles
324,Ms. Alyssa Kim,459-36-1251,"USNV Peterson
FPO AP 57769",N,hours
325,Andrea Moore,819-40-0911,"0613 Jamie Groves
Robinsonton, AK 47616",N,hours
326,Carol Kramer,333-64-1818,"11882 Hayes Streets Apt. 904
Sweeneyport, PR 04693",N,hours
327,Monica Dyer,522-88-9447,"8528 Chelsea Court Suite 990
Leefurt, UT 20632",N,miles
328,David Murphy,765-43-6093,"3934 Lisa Forge
Shermanshire, ID 70917",Y,miles
329,Larry Yu,321-86-4178,"04697 Winters Junctions
Patriciafurt, ME 66945",Y,miles
330,Danielle Ray,327-15-9109,"7620 Rosales Garden
North Allisonhaven, VA 06731",N,miles
331,Holly Davis,554-03-8409,"1404 Kenneth Locks Suite 507
Watkinsstad, GU 00957",N,hours
332,Madison Castaneda,139-65-3261,"23609 Andrew Pass Apt. 263
Charlesstad, MI 43030",N,miles
333,Gerald Whitaker,525-24-4962,"73234 Amanda Gateway Apt. 305
Jacksonview, PA 30530",Y,hours
334,Lisa Montes,744-07-5710,"6330 Jennifer Streets
Lake John, MD 14761",N,hours
335,Gregory Ware,237-07-4257,"9231 Marshall Cliffs
Karaton, MI 38957",N,hours
336,Veronica Watson,530-41-2084,"125 Sanders Overpass
Shelbymouth, TX 29466",N,miles
337,Tonya Logan,889-32-1890,"89365 Marco Valley
Carterfurt, AS 93624",N,miles
338,Holly Morris,674-16-9401,"3378 Bird Inlet Apt. 671
New Gary, FM 33764",N,miles
339,Nicole Combs,455-20-8748,"7918 Reed Stravenue Suite 937
Lake Davidside, HI 52689",N,miles
340,Taylor Sanders,594-33-3505,"048 Angela Brooks
Port Madisonfort, IA 77423",N,miles
341,Taylor Foster,815-18-2983,"86395 Jenkins Dam
Doughertyburgh, NH 95215",N,hours
342,Heidi Cox,617-16-5492,"46622 Gray Centers Apt. 428
Heatherbury, ME 36434",Y,miles
343,Christopher Cherry,613-53-6304,"8084 Freeman Ways
Tracimouth, NE 61165",Y,hours
344,Abigail Howard,634-88-3896,"0850 Santos Wall
Petersonshire, VI 33448",N,miles
345,Stephanie Ibarra,428-54-0805,"244 Rodriguez Greens
Port Christinechester, MD 10279",Y,miles
346,Ricardo Nelson,245-15-0235,"897 Jessica Glens Apt. 792
South Robert, PR 54825",Y,miles
347,Danielle Armstrong,888-49-3655,"51124 Marsh Mountain Apt. 203
Bennettview, MP 46358",Y,hours
348,William Reed,697-08-0148,"189 Olsen Skyway
Hutchinsonborough, KS 63922",Y,hours
349,Tracey Medina,659-05-9304,"724 Watkins Fields
Port Jose, CT 05600",N,miles
350,Jacqueline Winters,604-87-2025,"USNV Marshall
FPO AE 42191",Y,hours
351,Gregory Jordan,250-80-5683,"364 Nicole Forges
Paulaville, ND 70998",N,miles
352,Shane Harrison,830-37-9314,"USCGC Pearson
FPO AE 70005",N,hours
353,Kelly Thornton MD,649-98-7120,"50854 Tyler Inlet
South Christopher, MH 72931",N,miles
354,Sandra Cooper,024-72-7496,"8200 Adam Route
Port Paulberg, WY 75829",Y,hours
355,Darren Lang,691-98-0902,"6948 Douglas Valley
Port Jennifershire, MH 43211",N,hours
356,Luis Porter,753-34-8964,"USNS Gordon
FPO AA 07453",N,hours
357,Amy Walker,132-52-9635,"USCGC Wong
FPO AP 22021",N,hours
358,Karen Barnes,171-91-4197,"774 Kyle Unions
Glovershire, SD 88041",Y,miles
359,Jeremy Garcia,047-90-5311,"2594 Smith Isle
Lake Bethany, IN 19833",Y,hours
360,Timothy Anderson,117-52-0395,"317 Dylan Roads
Hendersonhaven, KY 20553",Y,hours
361,Kelly Brown,222-42-8312,"62972 Peter Hills Apt. 884
Drewburgh, NH 05518",Y,miles
362,Kathryn Cunningham,720-23-2460,"500 Massey Station
Lake Pennyberg, WI 32619",N,miles
363,Elizabeth Foster,301-44-1493,"2686 Mitchell Radial Apt. 803
New Mariaville, SC 33767",N,miles
364,Margaret Wall,793-17-9233,"3482 Johnson Rapids
West Pamelashire, SD 81606",N,hours
365,Brandi Holloway,877-04-0110,"8477 Amanda Alley Suite 805
Port Sherry, NJ 36706",N,hours
366,Gregory Hall,055-25-1472,"946 Sarah Branch Suite 755
South Bradshire, NY 89609",N,hours
367,Nicole Gonzalez,493-71-0196,"Unit 7364 Box 2442
DPO AE 06605",Y,miles
368,Christopher Johnson,363-45-7688,"702 Jessica Oval
Hillmouth, NH 24715",Y,miles
369,Anna Larson,179-12-5578,"3682 Castro Underpass
East Larrymouth, MT 88297",N,miles
370,Matthew Reed,153-78-9075,"68855 John Road
Jessicaborough, VT 58177",N,hours
371,Brian Ward,707-46-3907,"PSC 7309, Box 2086
APO AA 92459",Y,miles
372,Robert Browning MD,546-32-2334,"41499 Aguilar Stream
Lake Harrytown, GU 77225",N,miles
373,Kathryn Castillo,323-37-9444,"56673 Vicki Cliff Suite 253
Richardshire, MT 33845",Y,miles
374,Justin Rodriguez,245-06-9950,"PSC 8408, Box 9839
APO AP 92788",Y,hours
375,Theresa Vega,448-79-2528,"167 Kramer Pines Suite 029
West Sandyville, LA 59878",N,miles
376,Daniel Wilson,653-54-9218,"77289 Bowen Meadows Suite 904
Port Courtney, GU 70906",N,hours
377,Thomas Warren,664-26-0613,"26372 Garcia Islands
West Jesse, VT 40629",N,miles
378,Christopher Archer,126-45-4527,"756 Ronald Gateway
Sosaton, CA 65863",N,miles
379,Frances Parker,891-55-7083,"142 Theresa Glen
New Kristinview, NH 91432",N,hours
380,Henry Carr,028-08-4505,"079 Elizabeth Common
Parkerberg, TN 28000",Y,hours
381,Tracy Willis,824-58-1221,"9120 Anthony Plains Apt. 482
West Markfurt, MH 93481",N,hours
382,Jill Roberts,279-03-6235,"PSC 1048, Box 7476
APO AE 84645",Y,hours
383,Shelly Townsend,387-52-7076,"8358 Jenkins Station Apt. 457
Port Aaron, VT 15480",Y,hours
384,Jessica Garcia,214-10-3899,"09697 Richard Inlet
Shannonmouth, MP 20806",Y,miles
385,Jill Juarez,218-86-4264,"795 Brooks Flats
Leachberg, ID 20063",Y,hours
386,Michelle Morgan,006-12-8881,"202 Johnson Grove Apt. 121
West Amanda, MN 34276",Y,hours
387,David Miller,429-14-5330,"617 Nicole Trail
Jonesberg, OH 51346",Y,hours
388,Brandon Rivera,764-62-8996,"34703 Brandon Mission Apt. 893
Cynthiachester, PR 14418",Y,hours
389,Michael Martinez,276-09-0976,"79904 Doyle Port Suite 451
West Calvintown, NM 79545",N,miles
390,Shari Fry,155-58-7829,"4433 David Vista
North Douglasland, MP 08216",N,miles
391,Stephen Smith,011-17-2903,"007 Whitney Mission
West Holly, RI 32582",Y,miles
392,Andre Terrell,016-20-2518,"Unit 8514 Box 0649
DPO AP 23400",Y,miles
393,Michael Weiss,541-38-2617,"52733 Daniel Parks Suite 640
East Veronica, IL 55327",N,miles
394,Joshua Austin,155-08-2989,"974 Susan Branch Suite 897
Beverlyborough, UT 91948",N,hours
395,Angela Cooper,115-75-9605,"75336 Wood Fall Apt. 138
North Bethany, NV 64362",Y,hours
396,Valerie Fox,897-03-9683,"396 Briana Roads Apt. 805
Ericmouth, SC 61659",N,hours
397,Erik Odom,753-05-9220,"6296 Boyd Landing Suite 494
Smithstad, MO 23879",Y,hours
398,Steven Velez,492-50-6643,"38275 Dana Prairie Suite 808
Lake Henry, TN 42626",Y,hours
399,Patrick Torres,563-75-0550,"61338 Julie Court Apt. 023
South Yolanda, MS 71130",N,hours
400,Robert Taylor,365-90-3574,"8814 Ray Groves
Erikaview, WY 29710",N,hours
401,Theresa Mueller,074-80-2559,"3151 Andrew Viaduct
Lake Aaronmouth, FM 99102",N,miles
402,Miranda Ayala,626-24-1275,"25302 Lawrence Ferry
North Michael, FL 20700",Y,hours
403,Jacob Ortiz,664-12-6427,"4281 Davis Alley Apt. 099
West Vanessa, HI 52078",Y,miles
404,Rachel Scott,646-60-2850,"7729 Shannon Parkway Apt. 855
Port Jennifermouth, AS 34049",Y,hours
405,Dr. Grant Nolan,675-86-0195,"83063 John Pike
Freemanborough, WI 58526",Y,hours
406,Antonio Stephens,123-53-8400,"749 Donna Roads Suite 139
Joneshaven, IL 80832",N,miles
407,Eileen Shaw,169-84-3368,"91735 Carrie Parks Apt. 763
Fisherside, IL 99677",Y,miles
408,Angela Cox,395-65-1062,"809 Caleb Valleys
Scottland, ND 41386",N,hours
409,Kristina Green,181-99-2177,"085 Seth Groves
South Jessicachester, TN 99131",N,miles
410,Nicole Johnson,419-89-5844,"78023 Reynolds Trafficway Suite 729
West Jeffberg, MA 14454",Y,miles
411,Amber Russell,616-15-8364,"783 Marcus River
New Hannah, NC 08672",N,hours
412,Nicole Robinson,706-61-5954,"5105 Jonathan Trail
South Trevor, AL 91309",Y,miles
413,Bethany Ferguson,283-79-9537,"6949 Heather Port
Kleinview, PR 33995",N,hours
414,Scott Gregory,600-87-0351,"2343 Angela Isle
Emilyfort, AZ 39560",Y,miles
415,Timothy Austin,195-95-8443,"468 Salinas Springs
Port Ronniechester, OH 15071",N,miles
416,Justin Rhodes,755-31-5458,"425 Paula Mission Suite 944
Lake Rebekah, TX 93087",Y,miles
417,Patrick Jordan,455-12-4420,"95265 Heather Isle Suite 161
Kimberlyview, IN 08341",N,miles
418,Justin Davis,400-56-1311,"67808 Amanda Mall
Danielleville, MI 39063",N,hours
419,Joseph Becker,600-71-5184,"2342 Adam Crossroad Suite 166
Larsonmouth, GU 66565",N,hours
420,Douglas Church,555-05-5775,"50625 Berry Branch Suite 625
Donnatown, ND 41739",Y,hours
421,Allison Figueroa,200-03-0482,"429 Cooley Ranch
Robinstad, WV 05176",N,miles
422,Wayne Bailey,874-01-4704,"04305 Janice Crescent Suite 132
Bradleyfort, GA 23142",Y,hours
423,Bobby Nichols,894-58-4536,"267 Dunn Vista
East Carmenside, FM 01296",Y,hours
424,Donna Carter,714-48-7998,"64719 Carol Center
Port Joy, AR 66709",Y,miles
425,Jason Miller,843-95-6553,"9315 Velazquez Mission Suite 599
West Terri, NC 92729",Y,miles
426,Joann Morgan,110-07-3851,"Unit 4624 Box 9384
DPO AE 97607",N,hours
427,Tanya Johnson,780-47-4252,"73036 Christopher Ville
Port Gary, NV 11135",N,miles
428,Melissa Singh,439-27-0121,"771 Frank Prairie
South Valeriefort, PR 43456",Y,miles
429,Ricardo Jones,552-77-9659,"623 Stevenson Forge
West Amandamouth, NE 50412",Y,hours
430,Alexander Brown,290-16-5157,"272 Manning Stream
Spencerburgh, AS 49719",N,miles
431,Michael Harrison,513-53-3113,"826 Parker Skyway Apt. 159
Bradleychester, OK 21715",Y,miles
432,Karen Johnson,814-58-2103,"85965 Douglas Port Suite 361
North Wandafort, PW 71514",Y,hours
433,Jennifer Evans,523-75-7150,"754 Chavez Coves Apt. 646
South Randall, NJ 36284",N,miles
434,Frederick Hunt,781-88-4495,"806 Wagner Brook Apt. 683
Haneyville, WY 12434",Y,hours
435,Nicole Miller,028-09-3803,"3980 Jessica Summit Apt. 858
North Jennifer, GU 33806",N,miles
436,James Smith,684-01-9803,"7744 Louis Place Suite 150
Howardton, NE 53567",Y,miles
437,Amy Coleman,737-77-0066,"7006 Weaver Way
Parkchester, DC 09516",N,hours
438,Lisa Espinoza,014-19-7707,"4481 May Causeway
Randallfurt, OK 44102",N,hours
439,James Williams,793-88-8107,"7561 Shawn Valleys
Brandonside, OK 33237",Y,hours
440,Brian Carson,195-19-3747,"714 Bridget Isle
Port Priscilla, CT 72544",Y,miles
441,Brittany Lee,183-03-8876,"213 Lynch Walk
West Evanshire, MO 81748",Y,hours
442,Michelle Schmidt,529-50-3362,"96488 Derek Passage Suite 979
Davisfort, MT 64020",Y,miles
443,Eric Hill,289-78-0637,"USCGC Newman
FPO AA 97717",N,miles
444,Desiree Carter,854-11-1066,"89173 Stark Divide Suite 604
Debrafort, AZ 24648",N,miles
445,Ronald Carroll,460-25-5504,"30772 Frank Avenue
North Masonbury, PR 04586",Y,miles
446,Lori Park,840-91-7535,"72934 Steven Villages Apt. 550
Loritown, VI 52079",Y,miles
447,Richard Gross,504-58-2154,"86747 Warren Brooks
Heatherfurt, OK 34053",N,miles
448,Joshua Salazar,550-28-2180,"USNS Hart
FPO AA 53608",Y,miles
449,Ralph Boyd,804-98-8126,"2581 Michael Heights
Bergborough, WY 05445",Y,miles
450,Sandra Myers,632-43-9002,"891 Nicole Points Suite 835
Port Tyler, MS 42046",Y,hours
451,Kendra Chavez,404-08-9162,"458 Michael Path
Carlamouth, SD 69428",Y,hours
452,Jacob Lam,890-78-9268,"4365 Zavala Cape Suite 654
North Melinda, FL 41584",N,hours
453,Alex Yoder,625-83-8889,"456 Thomas Forge Apt. 870
Andreaview, SD 45847",N,miles
454,Caleb Martin,059-27-1491,"5970 Valentine Springs
Port Donna, AR 46496",Y,hours
455,Alexa Preston,164-59-9920,"294 Martinez Manors
Cartermouth, PR 69094",Y,miles
456,Maureen Robertson,472-14-1087,"6620 Mendoza Hills
Rodriguezstad, NV 85137",Y,hours
457,Robert Nguyen,322-74-9291,"6148 Morton Springs
Williamsberg, AZ 64693",N,hours
458,Neil Mitchell,554-84-4491,"146 White Harbors Suite 390
Frankside, PR 32294",Y,hours
459,Julie Watkins,632-78-1727,"94961 Gregory Street
Johnsonhaven, ID 53973",Y,miles
460,George Stone,234-49-0790,"69101 Reyes Bypass
Henryborough, NV 15492",Y,hours
461,Karen Stewart DVM,208-71-2382,"38163 Erica Forks Suite 360
Brianhaven, AK 20211",N,hours
462,Andrea Anderson,513-90-0456,"USNV James
FPO AE 16954",N,hours
463,Lindsay Cook,741-38-9147,"61327 Elliott Inlet
New Teresaburgh, CO 23451",Y,miles
464,Elizabeth Gross,396-57-8080,"415 Connor Summit
Lake Emilyfurt, NV 16888",N,miles
465,Heather Love,858-65-1247,"9492 Janice Ridges Apt. 998
Wallchester, NH 38005",Y,hours
466,Kathy Jackson,094-08-7673,"48325 Ellis Mountain Apt. 975
Port Christian, AK 66958",N,hours
467,Isaac Walters,753-28-0414,"7298 Krause Valley
East Kristenside, VI 43575",Y,hours
468,John Cooley,235-73-0840,"9751 Matthew Spring
Bradleyport, NM 80214",Y,hours
469,Miguel Frye,075-20-2826,"Unit 8032 Box 0605
DPO AE 37012",Y,hours
470,Alicia Jackson,242-15-6138,"893 Chelsea Dale
North Brianmouth, KY 55643",Y,miles
471,Regina Dennis,135-49-8505,"0369 White Crescent
Lake Mackenziefort, TN 29523",Y,miles
472,Rebekah Sparks,779-03-5276,"615 Ramirez Tunnel Suite 085
Port Dawn, DE 54083",N,miles
473,Terry Cole,455-12-7423,"53884 Lucas Forks
Lake Raymond, OH 89091",N,hours
474,Kayla Parks DVM,788-41-6822,"267 Linda Green Suite 952
Jonathanchester, KS 21391",N,hours
475,Corey Duncan,389-54-8219,"USS Myers
FPO AE 21898",N,miles
476,Darius Davis,258-64-2385,"765 Suarez Brook
Daniellechester, IL 60456",N,miles
477,Valerie Barnes,564-26-6605,"368 Crane Cove Suite 022
Lake Christopher, DE 47614",Y,hours
478,Erin Morgan,760-39-6625,"846 Abigail Orchard
Morganshire, LA 67762",N,miles
479,Kaitlyn Hamilton,159-63-1795,"31031 Patrick Courts Apt. 840
West Lawrence, CO 50582",N,hours
480,Jason Rodriguez,594-03-6047,"6553 Wright Forks
Lake Jason, IN 01309",N,miles
481,Kristin Wang,306-60-9075,"347 Parks Meadow
South Rebekahhaven, KY 39526",Y,hours
482,Christine Allen,698-44-4700,"2179 Andrew Trace
Lisaberg, MP 44860",Y,miles
483,Tyler Alvarado,822-68-3056,"405 Williams Courts
Lake Lynnburgh, AL 45159",N,miles
484,William Edwards,789-05-3054,"04025 Jason Mills Apt. 592
South Jeremy, KS 37439",Y,miles
485,Laura Frazier,894-37-9635,"81022 Dixon Spurs Apt. 427
Moorechester, NE 84165",N,miles
486,Thomas Ware,200-50-8109,"PSC 4634, Box 5137
APO AA 89865",Y,miles
487,Virginia Watson,625-64-2919,"9665 Anna Trail
Port Jordan, NC 74436",N,hours
488,Ashley Holder,526-12-9084,"PSC 9741, Box 5382
APO AE 03846",N,hours
489,Paul Green,032-90-8839,"57267 Vincent Forest Suite 251
Bushbury, AZ 33677",Y,miles
490,Adam Garcia,368-40-1693,"119 Pamela Ramp
East Jessica, GU 42759",Y,hours
491,Kristin Weber,151-96-9085,"76762 Grimes Burg Apt. 284
Tylerburgh, MN 25599",Y,hours
492,Toni Richardson,051-76-5522,"559 Lori Place
Thompsonside, MP 25805",Y,hours
493,Vicki Gould,534-02-6076,"1194 Brooks Avenue Apt. 286
Danielborough, SC 16587",Y,miles
494,Christopher Smith,323-36-8495,"74987 Jamie Light Apt. 442
North Valeriechester, FL 17916",N,hours
495,Amy Caldwell,092-88-8733,"PSC 1580, Box 0113
APO AE 02299",N,miles
496,Laura Jenkins,686-68-1803,"8167 Stephen Unions Apt. 420
Jasmineport, FL 81783",Y,miles
497,Garrett Nguyen,892-99-8370,"5881 Gabriel Common Suite 400
Roymouth, GU 76978",N,miles
498,Kristine Collins,432-74-4745,"2693 Hamilton Overpass
Justinland, FM 06770",Y,miles
499,Ronnie Fowler,347-01-8049,"11066 Kaufman Glen Apt. 385
Johnchester, MH 78801",Y,hours
500,Makayla Smith,460-33-2153,"8025 Guerra Ridges Suite 972
West Caitlin, TX 68912",N,hours
501,John Foster,241-50-1164,"34523 Buchanan Overpass
Gregoryside, DE 34659",Y,miles
502,Eric Hughes,332-60-4927,"47468 Henderson Creek
Shieldsmouth, CT 83797",Y,miles
503,Mr. Brian Best,283-76-9779,"2282 Mary Vista
Autumnborough, HI 56188",N,hours
504,Tammy Ramirez,760-13-3639,"5070 Cooper Brook Suite 126
Ericborough, IL 76418",Y,hours
505,Theresa Rhodes,361-56-0318,"502 Mary Estate Apt. 148
West Laura, DC 60858",N,miles
506,Robin Rivera,087-06-8710,"0665 Derek Flat Apt. 054
East Billy, MS 20198",Y,hours
507,Anita Bailey,330-59-1162,"20837 Bowman Ramp Apt. 210
Smithmouth, WV 04166",N,hours
508,Kristina Wall,058-56-9563,"1228 Coleman Fall
Faulknerview, CA 84005",Y,hours
509,Christopher Boyd,501-50-7500,"0952 Steven Field Apt. 800
Lake Stephanie, AL 94836",N,hours
510,Timothy Fisher,747-15-0490,"076 Hannah Forge
Simonburgh, CO 72002",Y,hours
511,Dorothy Thomas,449-84-5972,"509 Morris Forest Apt. 973
Carrland, OK 94846",Y,miles
512,Mary Johnson,731-76-8352,"270 Wallace Overpass
Martinezborough, MP 68620",N,hours
513,Michael Perry,081-59-5046,"PSC 9161, Box 9004
APO AP 69451",Y,miles
514,Melissa Sanchez,503-50-0386,"121 Ramos Village Suite 106
Cookhaven, NJ 14113",N,hours
515,Angelica Miller,426-75-2488,"04201 Theresa Port Suite 919
West Thomas, AK 23594",N,hours
516,Carol Conway,196-92-0627,"943 Morris Greens
Lake Moniqueside, MO 09674",Y,miles
517,Calvin Cruz,726-49-4367,"97827 Amanda Valley Apt. 517
South Elizabeth, VT 32227",Y,miles
518,Alexis Johnson,082-52-7078,"4109 Andrea Bridge
Port Cynthia, IA 35717",Y,hours
519,Emily Hamilton,729-76-7823,"5651 Holmes Springs Apt. 343
Ellisbury, PA 10157",N,miles
520,Autumn Mccarthy,637-39-9872,"794 Patricia Estate
Linside, OH 91094",N,miles
521,Anna Carr,590-07-9394,"Unit 9556 Box 7067
DPO AA 96372",Y,hours
522,Tiffany Wood,624-63-2603,"6567 Ryan Harbors Suite 240
Davidville, LA 32907",Y,hours
523,Mary Martin,335-64-8724,"260 Cole Squares Apt. 833
Wardhaven, WV 74664",Y,miles
524,Scott Wells,384-01-6292,"428 Green Overpass
Changberg, NC 52891",N,miles
525,Joel Watson,054-06-4213,"39588 Bailey Union Suite 136
Emilyberg, TX 66305",N,miles
526,Jerry Sanchez,580-03-7407,"713 Rhonda Trafficway Apt. 917
Alexview, MI 54179",N,hours
527,Kristen Kelley,461-15-9139,"920 Rebecca Court
Boydtown, SC 10977",N,miles
528,Kenneth Rodriguez,505-98-3512,"5881 Lindsey Forest Suite 927
South Sheila, MN 61294",Y,hours
529,Robert Ross,359-61-3885,"23754 Sarah Path
North Douglaschester, WV 56341",N,hours
530,Ronald Cline,342-67-9621,"304 Henry Ford Suite 612
Jennystad, WV 59675",N,miles
531,Nicole Peterson,686-84-6737,"8641 Rachel Mountains Apt. 721
East Madison, PW 65697",N,hours
532,Monica Moody,038-23-3202,"23721 Mills Knolls Apt. 739
West Kevin, TN 31417",N,miles
533,Tyler Daniels,863-37-8936,"51929 Wilson Crest Apt. 845
New Amyburgh, CT 59383",Y,hours
534,Sarah Ortiz,573-18-0999,"46373 Petersen Brook Suite 875
Charleschester, DE 93213",Y,miles
535,Julie Walker,887-03-0539,"14297 Ashley Trace Apt. 185
Lake Danielle, ME 11064",Y,hours
536,Susan Banks,141-91-8766,"845 Roberto Crossing
Briannaton, LA 44947",Y,miles
537,Michael Zhang,769-71-1110,"1314 King Ville Suite 071
Danielleport, TN 99720",Y,miles
538,Jean Robinson,307-79-5179,"8117 Amy Groves Apt. 148
Mcguirestad, MA 93760",Y,miles
539,Michael Williamson,280-09-6125,"289 Mathews Fords
Lake Bradley, PA 67408",N,miles
540,Jason Hudson,525-75-9110,"23780 Kelly Groves
North Melodybury, NV 31790",N,miles
541,Jessica Hicks,097-06-8330,"1286 Amber Springs
West Becky, IA 60089",N,miles
542,Andrew Gordon,894-87-0891,"USCGC Quinn
FPO AP 78418",N,hours
543,Chad Allen,619-04-1773,"4318 Christina Curve
Priceshire, NC 68609",Y,hours
544,Daniel Robinson,672-70-3476,"0652 Jessica Cliff
Port Tiffany, MS 08189",Y,miles
545,Megan Williams,055-40-6837,"45640 Brianna Drives Apt. 375
Laurenton, NY 96004",N,hours
546,Maria Sanchez,207-49-8666,"68433 Villarreal Corners
Loristad, PA 09589",Y,hours
547,Cassie Ramirez,063-57-7097,"07256 Henry Burgs Suite 456
South Brian, MO 63129",N,miles
548,Brian West,771-95-2842,"50800 Olson Mountain Apt. 609
North Alexanderborough, UT 65672",N,hours
549,Brianna Reynolds,675-44-1762,"077 Kristi Avenue
New Jordanfort, DC 77318",N,hours
550,Anthony Phillips,277-83-8779,"604 Robert Estates
Seanton, TX 06646",Y,miles
551,John Navarro,538-36-0508,"26321 Susan Radial Suite 889
Amberchester, MO 86335",Y,hours
552,Samantha Villarreal,762-14-0759,"730 Jeff Street Apt. 349
Stevenstad, IA 68390",N,hours
553,Marcus Johnson,505-38-1874,"830 Smith Curve
South Kristin, PW 96562",Y,miles
554,Christina Martinez,353-14-3859,"4030 Williams Mountains Suite 141
Lake Ronald, NV 37750",Y,miles
555,Nancy Bender,691-03-5997,"PSC 7437, Box 2689
APO AP 34953",Y,hours
556,Kara Webster,094-87-1914,"256 Krystal Forge Suite 331
South Geraldshire, FM 29631",Y,hours
557,Katie West,581-04-0574,"805 Paige Skyway Suite 263
Peckfort, DC 35605",Y,miles
558,Jamie Jones,354-43-1286,"90303 Paul Cove Suite 404
Lopezborough, PW 72542",Y,hours
559,Charlotte Ford,315-99-6808,"PSC 9731, Box 6002
APO AA 77235",Y,miles
560,Robert Collins,863-41-5542,"07551 Nelson Lock Suite 890
Lake Joshua, AZ 90900",Y,hours
561,Charles Mullins,722-10-6004,"6790 Susan Drives
Roberttown, PW 11909",N,miles
562,Andrea Harris,184-77-3470,"333 Vanessa Throughway
New Paula, PA 41335",Y,miles
563,Erik Avery,259-89-8405,"74829 Mckay Junctions Suite 158
Abbotttown, NC 35441",Y,hours
564,Allison Williams,118-91-5203,"5514 Austin Forge
Judithbury, MO 47852",Y,miles
565,Cindy Fisher DVM,649-67-1387,"0670 Tara Gateway Apt. 178
Susanfurt, ME 33596",Y,miles
566,James Schultz,843-79-4027,"38207 Linda Expressway Apt. 399
South Randall, AS 30359",N,hours
567,Leslie Lopez,417-39-2139,"39674 Bowen Burgs Apt. 881
Joshuabury, GA 68154",N,hours
568,Catherine Hamilton,680-42-1187,"818 Powers Mountain
West Kimberlybury, VI 72314",N,miles
569,Rebecca Lewis,846-18-6371,"190 Brown Trace
Aprilport, CO 35037",Y,miles
570,Crystal Beard,824-34-1828,"6275 Cheryl Light
East Kenneth, MT 04401",N,hours
571,Lisa Webb,051-74-7756,"3773 Garcia Meadow Apt. 238
Brittanyberg, GA 57422",Y,miles
572,Emily Cisneros,614-98-3669,"4604 David Causeway
New Joseph, NM 44295",Y,miles
573,Scott Hobbs,819-92-2150,"399 Michelle Knolls
Leslieside, CO 10118",N,hours
574,Julia Craig,158-84-8480,"402 Emma Burgs Apt. 681
North Thomasbury, VT 18476",Y,miles
575,Kayla Barrera,087-14-0023,"3508 Daniel Flats
Campbellburgh, ME 82165",Y,miles
576,William Kline,626-11-9846,"977 Juan Drive
South Tarafort, MN 64689",N,hours
577,Melissa Combs,734-58-8147,"Unit 5996 Box 7261
DPO AE 75326",Y,miles
578,Antonio Clark,141-06-1511,"466 Wright Prairie Suite 708
West Christopherberg, RI 76507",Y,hours
579,Patrick Dunn,007-93-7628,"2876 Danny Loop
North Eric, UT 25201",N,miles
580,James House,838-69-4020,"8725 Wilson Well
West Andrewbury, LA 60919",Y,hours
581,Rachel Reynolds,153-63-3902,"621 Amber Walk Suite 238
Smithville, SD 47751",N,hours
582,Antonio Schultz,475-69-2792,"2967 Brennan Skyway
Kevinstad, MA 65906",Y,hours
583,Robert Edwards,481-82-6290,"87179 Moore Forges
Singletonfort, ID 03945",N,miles
584,Donna Chandler,180-51-7282,"66302 Amanda Greens Apt. 678
Davisport, NJ 62481",N,hours
585,Donna Bradley,856-84-1835,"1458 Tina Fall
Port Kimberlyport, NJ 81704",Y,hours
586,Ryan Ramirez,502-57-5188,"83354 Carpenter Land Suite 777
Brittanyhaven, ME 87215",Y,miles
587,Francisco Young,225-46-5047,"11869 Candice Canyon
Dennishaven, SD 62045",Y,miles
588,James Mullins,011-72-9887,"00316 Soto Pine
Ashleyfurt, HI 82553",N,miles
589,Gabrielle Gonzalez,295-69-5567,"103 Melinda Pike Suite 999
Pughton, MI 83448",N,miles
590,Katelyn Rosales,282-66-9751,"60992 Christine Turnpike Suite 911
Peterland, PA 51473",Y,miles
591,Matthew Taylor,297-81-9851,"56950 Ricardo Forks
East Eugene, IN 06462",Y,miles
592,Tracey Price,191-89-6503,"USNV Garcia
FPO AE 15082",N,hours
593,Katherine Mcknight,658-47-8585,"281 Brian Overpass Apt. 000
Carlaton, DC 69468",Y,hours
594,Amy Olsen,702-36-3342,"37453 Jason River
Randallville, OK 33394",N,miles
595,Jamie Nielsen,337-06-9202,"865 Joseph Spring Apt. 317
Smithtown, VI 41232",N,hours
596,Pamela Bauer,109-38-5155,"811 Amber Haven Suite 335
West Brandyshire, ID 15258",Y,miles
597,Dwayne Wheeler,750-71-5479,"46744 Joseph Extension Suite 117
Barryland, WY 74456",Y,miles
598,Teresa Fletcher,855-94-8082,"83880 Catherine Plains
Angelaburgh, CA 68402",N,miles
599,Jeffrey Prince,341-56-7740,"5022 Nicholas Drive
North Amy, GA 91466",N,hours
600,Jacqueline Torres,169-87-7943,"8618 Carol Knoll
West Justin, AS 20100",N,miles
601,Sandra Trujillo,089-16-2479,"82934 Myers Divide
Jadeberg, VT 71980",N,miles
602,Cynthia Morales,308-86-0480,"88438 Torres Views Suite 389
South Tonyside, CO 58197",Y,miles
603,Theresa Joseph,147-13-3915,"9111 Michael Village
Port Jacob, AR 59229",Y,hours
604,Peter Smith,135-50-0592,"40169 Manning Well
Allenborough, IN 34185",N,hours
605,Alexandra Washington,345-60-8960,"54718 Tiffany Unions Suite 734
East Lisaside, NJ 62986",Y,hours
606,Jessica Smith,524-30-4632,"5019 Brian Ports Suite 396
Lewismouth, PW 38429",N,hours
607,Sandra Smith,036-31-1831,"4035 Reese Station Suite 328
East Joshuaport, TN 47737",Y,hours
608,Julie Blanchard,815-50-5748,"7863 Payne Crossing
Thomasland, MT 95991",N,miles
609,Debra Parks,030-19-3167,"76976 Glenn Union
East Jose, MN 31055",Y,miles
610,James Greer,763-07-2440,"375 Tara Lakes
New Davidborough, VT 15540",N,hours
611,Gregory Reed,773-52-2728,"17602 Brown Ports
East Robin, OH 18972",N,hours
612,Jimmy Peters,375-15-6839,"990 Bryan Burgs
West Phillipborough, VT 93245",Y,miles
613,Tammy Barry,291-47-2509,"523 Roth Well
Darrenberg, CT 28270",Y,miles
614,Brandon Davis,339-68-5563,"296 Tracy Road Suite 854
East John, WI 23959",Y,hours
615,William Green,173-37-0861,"Unit 4931 Box 4498
DPO AP 04590",Y,hours
616,Matthew Powell,064-56-9735,"70620 Catherine Oval
Smithland, AL 55910",Y,hours
617,Cory Horn,602-67-8927,"8375 Hinton Heights
Port Mario, MS 84239",N,miles
618,Steve Ramos,128-15-7616,"753 Michael Camp Suite 110
Evantown, SC 56382",N,hours
619,John Aguirre,317-66-0706,"5371 Rebecca Parkway Suite 704
East Susanfurt, PW 43043",Y,miles
620,Tammy Howard,533-72-1633,"33582 Brandon Flat
Logantown, ND 85753",Y,miles
621,Teresa Baker,891-74-3408,"873 Murphy Overpass
Jonesview, NE 06952",Y,miles
622,Julia Martinez,472-54-8586,"62909 Alex Trafficway
Nicoleberg, PW 38850",N,hours
623,Charles Johnson,721-80-1524,"64986 Ellison Landing
Lake Cristian, MO 35805",N,hours
624,Betty Reed,616-40-4249,"42970 Gloria Shoals Apt. 293
Donaldburgh, FM 30358",N,miles
625,Michael Young,235-47-3616,"34058 Erickson Club
Lisachester, AK 97578",Y,hours
626,Robert Green MD,853-15-2612,"USCGC Taylor
FPO AP 51589",N,hours
627,Stanley Howell,276-99-8642,"6113 Amanda Pike Apt. 802
Martinezshire, GA 37268",Y,hours
628,Sharon Raymond,340-36-6628,"38643 Hanson Isle
Estesborough, AL 55304",N,hours
629,Kevin Mcgrath,894-89-4393,"5623 Anna Forest
Fryehaven, CA 55395",N,miles
630,Nicolas Wagner,724-89-8030,"8449 Wesley Rapids
Williammouth, OK 80855",N,miles
631,Terry Estrada,633-05-3351,"1883 Beck Corner
East Kimberly, AZ 96929",Y,miles
632,Mr. Tommy King,062-50-9643,"USNV Walker
FPO AA 63038",Y,hours
633,Anthony Wilkerson,100-63-8715,"85925 Brandi Inlet Suite 990
Shawnside, MA 01937",Y,hours
634,Colleen Poole,738-06-1430,"Unit 5272 Box 8434
DPO AP 19677",Y,miles
635,Jennifer Myers,059-88-5662,"39035 Amanda Circle
Jacobside, PR 55623",N,miles
636,Thomas Bonilla,195-31-7923,"PSC 2893, Box 7347
APO AE 17314",Y,miles
637,Travis Smith,237-37-5312,"026 Nancy Creek
Morenotown, FL 15662",Y,hours
638,Donald Doyle,405-27-2425,"1724 Monroe Plaza
Richardfort, TN 66491",N,miles
639,Kelly Ruiz,894-13-1014,"364 Rebecca Park
Woodschester, SD 38059",N,miles
640,Kimberly Clements,773-75-1285,"7417 Melinda Stream Suite 397
East Adam, MH 70175",N,hours
641,Rebecca Mosley,713-59-6016,"6506 Harper Flats Apt. 323
Bryanview, PA 00945",Y,hours
642,Alicia Grimes,446-54-6250,"410 Morris Flat Suite 655
South Kathleen, CT 58657",N,miles
643,Alicia Edwards,572-43-1023,"11943 Harris Point
North William, ID 24105",N,hours
644,Toni Moore,514-31-6441,"2856 Young Square
Hunterberg, VT 38620",N,miles
645,Dr. Stephen Ho PhD,372-47-7788,"773 Berry Branch Suite 987
Singletonborough, DE 93538",Y,miles
646,Cynthia Barber DDS,044-90-2691,"407 William Point Suite 333
West Amanda, ID 60444",Y,miles
647,Samantha Booker,324-87-5171,"89326 Brian Villages Apt. 537
South Toniport, SD 42645",N,miles
648,Natasha Cameron,830-34-5621,"4562 Anderson Tunnel Suite 864
New Don, NV 35014",N,hours
649,Leonard Morris,345-11-2712,"8938 Christopher Isle Suite 996
Morabury, SD 09921",Y,miles
650,Taylor Becker,587-96-9090,"0160 Haley Glens Apt. 438
North Evelyntown, NC 17544",N,miles
651,Julie Meza,535-66-3117,"USNS Reynolds
FPO AA 72915",N,miles
652,Kimberly Rich,657-70-5345,"2819 James Street
North Scott, HI 25682",N,hours
653,Daniel Parker,787-06-3952,"803 Rebecca Isle
North Brookehaven, AK 68404",Y,hours
654,Victoria Hardy,197-11-4141,"7717 Lynn Cape
East Spencer, CT 44349",Y,hours
655,John Cook,215-32-3273,"053 Jones Lock Apt. 255
New Jill, MI 87638",N,miles
656,Steven Smith,110-42-4321,"23471 Monique Mount
West Steven, CO 71384",Y,hours
657,Melissa Russell,492-52-4445,"480 Darrell Turnpike Apt. 443
North Ronaldview, PR 71882",Y,hours
658,Deborah Freeman,139-54-7539,"95677 Michelle Alley Apt. 490
South Teresaview, UT 23194",N,miles
659,Donna Byrd,770-20-8693,"85657 Margaret Causeway Apt. 046
Waltertown, IL 80542",N,miles
660,Jeffrey Miller,839-58-9539,"65713 Dorsey Plain Suite 317
Joshuachester, SD 35104",N,hours
661,Barbara Lee,480-85-5377,"50051 Christopher Via
Lake Steven, TN 23757",N,hours
662,Adam Mckinney,781-25-7453,"20905 Oneill Radial
Port Kristenfort, KY 64319",N,hours
663,Ryan Rodriguez,210-25-3496,"9653 Christopher Squares
New Michaelbury, GA 09875",N,hours
664,Caleb Thomas,861-03-9779,"19465 Maria Trail Apt. 487
New Saraport, MT 53996",Y,miles
665,Jonathan Cox,481-19-1295,"6371 Burns Village
Jeffreyside, WA 37346",N,hours
666,Kevin Wilson,467-40-3713,"215 Kathleen Union
Port Tiffany, KY 85626",N,hours
667,Julia Anderson,805-56-5830,"380 Patricia Vista Suite 389
East Melinda, KS 78355",Y,miles
668,Gerald Wells,711-95-2604,"45498 Megan Keys Apt. 649
Ramirezfurt, NJ 93408",Y,miles
669,Connie Reyes,214-39-0666,"74179 James Plains
Clarkstad, LA 30356",N,miles
670,Zachary Lopez,083-59-2311,"423 Brittney Trail Apt. 896
Montoyafurt, AS 38663",Y,miles
671,Paul Jenkins,566-86-7666,"9794 Paul Common Suite 014
Port Steven, OR 92324",Y,hours
672,Melanie Erickson,670-22-0014,"8048 Carolyn Throughway
Rachelborough, GU 52654",Y,miles
673,Marcus Benjamin,346-58-5816,"24093 Watson Falls
Nicholasshire, FM 44124",N,miles
674,Jonathan Mejia,197-56-6119,"1692 Williams Radial
Port Michellebury, AK 05294",Y,hours
675,Jennifer Austin,099-81-6131,"30861 Sherry Spring Suite 649
East Sheilaview, VT 02955",N,miles
676,Jennifer Hardy,671-26-9821,"6216 Melissa Pines
Leahmouth, AS 34100",N,miles
677,Olivia Lewis,181-80-9780,"61115 Peter Trace
Port Alyssastad, GU 29521",Y,miles
678,Julia Butler,228-85-5324,"383 Bailey Port
Aliciamouth, MA 33872",Y,miles
679,George Miller,375-76-3998,"8582 Randy Mount
Noahtown, FL 59497",N,miles
680,Edwin Christensen,351-04-7937,"Unit 9538 Box 7620
DPO AE 01396",Y,hours
681,Terry Tucker,512-40-8641,"1210 Robert Plaza
Beckybury, MN 16719",Y,miles
682,Daniel Thompson,537-19-3690,"2035 Dakota Overpass Suite 110
Hoffmanfort, IL 33383",Y,miles
683,Scott Owens,884-17-9404,"32628 Boyle Forges Suite 240
Port Craig, AS 90563",N,miles
684,Amanda Burton,615-49-6256,"7601 Johnston Mill Suite 932
Aaronhaven, KY 90717",N,hours
685,Teresa Caldwell,228-12-9176,"73234 Underwood Flat Suite 807
Lake Michaelstad, MN 61883",Y,hours
686,Deborah Moran,757-36-6647,"48496 Baird Mews
North Jorgeport, SD 19880",N,miles
687,Jamie Lee,621-21-0604,"6725 Michael Dam Apt. 619
West Scott, SC 45219",Y,hours
688,Julie Ochoa,890-09-2476,"555 Church Causeway
Port Frankside, FL 50358",N,hours
689,Kent Mosley,342-93-3235,"98525 David Expressway
Chadmouth, WI 31436",Y,hours
690,Eric Marshall,792-28-4403,"7706 Church Forge Apt. 315
Lake Reginaport, AR 16799",Y,hours
691,Maurice Chambers,452-07-1287,"96366 Karen Hollow
South Annemouth, IN 97269",N,hours
692,Tracy Jensen,199-84-4286,"9546 Ellen Falls Apt. 653
Port Robertshire, TN 36344",N,hours
693,Jeremy Mitchell,710-97-6744,"PSC 1395, Box 9635
APO AP 13804",Y,miles
694,Richard Rodriguez,527-44-9035,"639 Matthew Estates Apt. 864
North Meghan, NJ 88970",Y,miles
695,Ashley Kim,146-33-8712,"108 Joshua Fort Suite 034
South Ianside, FM 00638",Y,hours
696,Michael Cantu,006-33-3770,"220 Ryan Villages
Gateshaven, MI 31451",Y,hours
697,Peter Brown,786-45-0888,"4583 Travis Via
East Adamberg, MS 90063",N,miles
698,Angela Holmes,583-77-6761,"USNS Kirby
FPO AP 76908",N,hours
699,Rhonda Mcguire,648-72-1498,"77143 Boyle Burgs Suite 835
Robertsonfort, MN 07185",N,miles
700,Paul Young,500-39-6115,"1338 Moore Pike Suite 558
South Dorothy, MA 01110",Y,miles
701,Teresa Lang,144-09-5987,"357 John Lane Suite 233
Rodriguezmouth, DE 20004",Y,hours
702,Nicholas Fisher,573-15-1448,"3715 Gill Squares Suite 920
South Michaelland, SD 97673",N,hours
703,Elizabeth Green,741-60-2287,"3286 Carlos Ville Apt. 641
Dawnburgh, GU 06934",N,hours
704,Anna Villanueva,545-37-0322,"PSC 3763, Box 3272
APO AA 30946",Y,hours
705,Lindsey King,444-23-4923,"2126 Valdez Court
Sergiomouth, IL 68110",Y,hours
706,David Knight,085-43-8324,"66083 Jeffery Fall
South Ryan, VT 69558",Y,hours
707,Dean Bishop,156-39-8405,"2846 Mitchell Ville Apt. 828
Edwardland, NE 66598",N,hours
708,Matthew Black,262-15-3151,"1133 Catherine Summit Suite 412
Waltonville, VT 74785",Y,hours
709,Taylor Ryan,346-63-5974,"4107 Anderson Lane
Robertsonborough, SC 83066",Y,hours
710,Alicia Cantu,596-10-4590,"66205 Nunez Road
Gilesview, FL 19817",N,miles
711,Lynn Lopez,480-61-7788,"586 Crystal Gardens
Port Anaburgh, MT 04774",Y,miles
712,Taylor Myers,003-50-7808,"67038 Thomas Ridge Apt. 843
Megantown, NE 99009",N,miles
713,Jonathan Yu,473-98-4075,"6468 Rojas Stravenue Suite 322
New Markshire, CT 24135",N,hours
714,Arthur Martinez,098-91-8424,"7836 Erik Neck Suite 540
New Jamiebury, MI 35515",Y,miles
715,Edward Reilly,610-81-0608,"328 Katie Canyon Apt. 963
Jenniferport, IA 83808",Y,hours
716,Nina Price,824-22-7737,"2149 Martinez Vista
Murphystad, PR 53834",Y,miles
717,Patrick Stephens,803-57-5305,"171 Elizabeth Port
Higginsfort, AK 48910",Y,miles
718,Sally Hodge,604-19-9943,"PSC 1211, Box 4982
APO AA 35660",N,hours
719,Jimmy Callahan,557-59-4007,"Unit 9139 Box 4355
DPO AE 78973",N,hours
720,Alan Daniels,070-78-9088,"392 Madison Locks
Watsonborough, IL 05128",Y,hours
721,Alexis Gilbert,891-20-0296,"084 Ashley Inlet Suite 305
South John, NV 96653",Y,hours
722,Emily Robinson,194-45-5173,"92603 Martinez Square Apt. 090
Lake Waltershire, KS 24939",Y,miles
723,Amanda Cooke,069-94-9832,"Unit 7799 Box 7847
DPO AA 95407",N,hours
724,Anthony Zamora,650-09-9716,"3479 Bryan Crescent
New Benjamin, IA 97437",Y,hours
725,Ashley Adams,694-31-7485,"149 Regina Camp
Webbmouth, PR 06927",N,miles
726,Laura Ortiz,708-45-8065,"742 Chad Cove
New Wendy, VA 41211",N,hours
727,Brenda Morton,861-68-0792,"5134 Cook Islands Apt. 169
Cassandrastad, WA 17414",N,hours
728,Molly Stark,616-30-3715,"USNV Yates
FPO AE 23523",Y,miles
729,Lee Francis,120-63-4117,"48178 Wagner Branch Suite 967
Jamesfurt, VI 01746",N,miles
730,Shawna Jordan,603-18-9349,"025 Amanda Unions Suite 286
Port Brandonberg, ND 88987",Y,miles
731,Jacob Bailey,475-01-9779,"6989 Baker Ports Apt. 441
West Caroline, PA 08063",Y,miles
732,Matthew Phillips DVM,284-13-7988,"6784 Harris Grove
South James, AZ 47648",Y,hours
733,Mrs. Wendy Ford,460-84-2025,"752 Becky Viaduct
Port Johnathanville, KS 08993",N,hours
734,Katie Davis,042-59-3105,"03852 Steven Heights Suite 749
Fieldsshire, VT 67413",Y,hours
735,Jake Hernandez,317-97-7041,"7517 Mcguire Park
Marchaven, AS 92767",Y,hours
736,Elizabeth Johnson,118-98-7953,"6242 Robinson Neck Suite 879
Andrewmouth, AS 06223",Y,miles
737,Jennifer Campbell,045-99-6508,"1831 Matthew Lane
North Stephanieland, TN 04813",Y,hours
738,Roger Davis,126-59-4631,"447 Smith Spur
Shawnaberg, AZ 76511",N,miles
739,Erica Gibbs,609-54-7556,"4491 Tyler Port Suite 605
South Kyle, DC 73049",Y,miles
740,Jeffrey Whitaker,830-93-3035,"7633 Larson Estate Apt. 577
Rossville, DE 74917",Y,miles
741,Mark Avery,157-85-9899,"PSC 2402, Box 5169
APO AE 80876",Y,hours
742,Joshua Campbell,427-52-8187,"15135 Jennifer Vista
West Douglas, FM 62983",Y,hours
743,Angela Morales,016-90-2328,"61514 Reynolds Fall
Ibarraport, MD 79432",N,hours
744,Mark Doyle,427-53-3581,"955 Salazar Turnpike
West Richard, NY 94030",N,hours
745,Rhonda Todd,561-17-8705,"61851 Austin Coves
South Tony, ME 26222",Y,miles
746,Brenda Parker,549-67-4829,"9786 Sharon Rest Suite 094
Joshuabury, HI 79713",Y,miles
747,Mrs. Tabitha Simpson MD,062-93-5816,"595 Jeffrey Well Apt. 361
Collinsview, MH 10517",N,miles
748,Andrew Martinez,895-89-6189,"53178 Lee Crest Suite 581
North Jasminetown, AK 97312",N,hours
749,Jennifer Christian,360-84-8925,"6592 Jay Glens Suite 897
Powellshire, MS 48442",N,hours
750,Justin Kim MD,140-45-9274,"76668 Gonzales Common Apt. 609
South Carol, MA 17507",N,miles
751,Susan Lewis,586-54-0783,"135 Kenneth Neck
South Joseside, PW 69869",N,hours
752,Kara Hughes,797-87-8480,"870 Williams Mission Suite 553
Robertfort, VI 12780",Y,hours
753,Henry Lambert,579-91-5734,"PSC 3390, Box 5484
APO AE 67175",N,miles
754,Ashley Jensen,147-57-7556,"1262 Ellis Meadows
South Douglas, ME 46206",N,hours
755,Victoria Williams,284-39-0120,"576 Kevin Hills
Smithfort, VI 39702",Y,hours
756,Ryan Allen,366-95-5697,"8147 David Ville Apt. 420
Moonfurt, ND 22291",N,hours
757,Jennifer Young,054-16-0361,"410 Mcdaniel Fords Suite 441
Port Elizabeth, NE 50108",Y,miles
758,Lisa Clark,631-29-1500,"USS Shepherd
FPO AA 85948",Y,miles
759,David Franco,877-83-2640,"778 Rebecca Ford Suite 935
Port Georgebury, WI 01150",N,miles
760,Michael Mcdonald,171-87-2865,"3334 Mccarty Forge Apt. 826
Harrisfurt, AZ 42027",N,hours
761,Elijah Oliver,739-78-6078,"318 Bowen Islands
Danielsbury, FL 52027",Y,miles
762,Todd Howard,099-53-0592,"18694 Matthew Parkways
Johnsonborough, MH 02108",Y,miles
763,Mrs. Krista Ayala DDS,784-24-8492,"5525 Shawn Lakes
Evansbury, NH 99867",N,hours
764,James Henry,823-19-3248,"492 Lisa Harbors Suite 784
Port Kevin, VT 02334",Y,miles
765,Tammy Hanna,421-54-1716,"427 Lucas Falls Suite 843
Robertsfurt, IN 35930",N,hours
766,Charles Ramos,336-96-8423,"15807 Patrick Prairie Apt. 876
East Lindamouth, NM 58032",N,hours
767,Philip Hall,444-38-2715,"73370 Vega Road
Carolberg, AK 59956",N,miles
768,William Jackson,482-58-9891,"9611 Kimberly Summit Suite 511
Pettyfort, FM 08378",N,miles
769,Gerald Hughes,537-63-7760,"9217 Carrie Views Apt. 595
Sandersside, AL 16035",Y,miles
770,Jesse Miles,777-30-6755,"8984 Hicks Brook Apt. 422
Carlmouth, GU 67000",N,hours
771,David Johnson,087-09-4406,"822 Osborne Squares
Carolineshire, ME 31135",Y,hours
772,Tiffany Stein,032-49-1976,"88038 Caroline Tunnel Suite 018
Johnberg, VA 40451",N,hours
773,Michael Mejia,234-71-4681,"44476 Jensen Plains Suite 096
Port Crystalview, LA 30801",Y,hours
774,Kelsey Moore,811-46-9836,"227 Rebekah Fort
East Toddton, CA 89650",N,miles
775,Anthony Choi,787-28-9800,"010 Vanessa Cliffs Suite 691
South Nancy, MI 72056",N,miles
776,Katie Sharp,132-99-7789,"Unit 1310 Box 9411
DPO AA 89443",N,miles
777,Elaine Boyd,435-83-2688,"USCGC Holmes
FPO AE 34396",N,hours
778,Sara Norton,003-15-5105,"94704 Norris Courts
Deleonfurt, CA 62238",N,hours
779,Brian Sanchez,258-52-9911,"2259 Shepherd Plains Apt. 532
East Karenchester, MO 93523",N,hours
780,William Williams,552-96-0575,"8965 James Isle Apt. 430
Lake Kelly, NH 80016",Y,miles
781,Kathy Rangel,498-16-2237,"5713 Ellen Mountains Apt. 394
South Brandy, IA 65844",N,hours
782,Connie Mcfarland,586-72-1377,"54053 Hernandez Inlet
Caseyborough, AK 32434",Y,miles
783,Dustin Gomez,851-95-3757,"296 Michelle Pines Suite 308
Lake Adamview, SD 55179",Y,hours
784,Lisa Rangel,819-87-3114,"9586 Michael Isle Suite 662
East Kayla, IL 66594",N,hours
785,Steven Kelly,761-15-9685,"798 Jason Corner Suite 141
Torresmouth, GA 88310",Y,hours
786,Cynthia Matthews,093-41-2383,"USNS Jackson
FPO AE 77157",N,hours
787,Tamara Smith,117-66-9756,"PSC 3612, Box 5317
APO AP 28143",Y,hours
788,Craig Ferguson,586-34-1488,"067 Amy Camp Apt. 293
Bridgesfort, OK 85444",N,miles
789,Emily Knapp,550-22-6423,"98705 Petersen Gateway
Melindaburgh, CT 01764",N,hours
790,Brittany Carr,343-17-9254,"044 Burgess Road
Wilsonport, NE 01531",Y,miles
791,Kathleen Sullivan,109-54-4592,"745 James Drive
East Colleen, KY 70472",Y,hours
792,Katrina Maldonado,537-27-6452,"847 White Summit Apt. 105
Kaitlynhaven, WI 22937",Y,miles
793,Stephen Christensen,045-89-0046,"PSC 8303, Box 6512
APO AE 80983",N,miles
794,Sheila Macias,430-33-1117,"257 Louis Green Apt. 195
Port Kathyview, MI 40600",N,hours
795,Jennifer Hoover,380-53-2770,"USNV Shaw
FPO AP 44858",Y,miles
796,Mary Moyer,672-54-0737,"49164 Graves Turnpike
Jamesview, SC 83535",Y,hours
797,Dale Carlson,892-30-5693,"PSC 6638, Box 6107
APO AA 86769",Y,hours
798,Janet Lewis,135-02-1171,"25437 Justin Ferry Suite 796
Mcmillanside, MN 87688",N,miles
799,Nathan Smith,024-82-3655,"1945 Guerra Stream Apt. 083
Meyersberg, CO 57979",Y,miles
800,Elaine Ray,200-71-9694,"29255 Peterson Tunnel
East Stacey, IN 62666",N,hours
801,Charles Tucker,855-24-6230,"856 Bailey Locks
Henryburgh, AR 82939",N,miles
802,Vanessa Adams,796-29-6927,"570 Elizabeth Extensions
Castillomouth, WI 25988",N,miles
803,Robert Wood,675-61-1859,"72969 Castillo Ford
Lisastad, AS 95203",Y,miles
804,Dakota Delacruz,055-65-9702,"1112 Francisco Parkway
Powellland, WA 33020",N,hours
805,Hannah Perez,228-31-8487,"6579 Reid Square Apt. 313
Knoxburgh, KS 60568",N,miles
806,Ashley Jones,068-11-6426,"2958 Walton Cape Suite 682
Josephport, SD 84813",Y,hours
807,Eric Martin,110-68-6120,"425 Michelle Spur
Shawnberg, MT 05432",N,hours
808,Caroline Drake,115-34-5789,"Unit 2142 Box 9299
DPO AE 32911",N,hours
809,Matthew Miller,385-43-4915,"4750 Laura Springs
Martinville, OK 29090",Y,hours
810,Casey Meadows,709-27-7938,"40338 Shea Union
North Brian, KY 96671",N,hours
811,Ricky Hernandez,584-79-6053,"7305 Williams Square Suite 485
Jessicatown, LA 19461",N,miles
812,Michael Pittman,344-76-4922,"1321 Crane Flat Apt. 428
East Chadberg, NY 74825",Y,miles
813,Scott Davidson,748-33-4982,"46043 Kevin Path Suite 260
West Michael, MO 30103",N,hours
814,Ann Stevenson,037-44-5986,"7902 Joseph Manors
Port Kevinton, AS 68856",Y,hours
815,Dan Mclaughlin,537-74-6303,"925 Heather Freeway
East Juanstad, MD 82647",N,miles
816,Angela Li,036-37-5472,"6068 Flores Circle
Cassandraville, WA 33101",N,hours
817,Stacy Velasquez,171-97-6378,"78995 Timothy Mills Apt. 866
Port Belinda, SC 72519",Y,hours
818,Melissa Evans,676-59-7801,"21983 David Ways Apt. 619
South Patrickberg, MP 85149",Y,hours
819,Kristen Castillo,885-35-2017,"PSC 2617, Box 2178
APO AP 80589",N,miles
820,Mr. Christopher Navarro,486-56-2459,"3228 Rachel Points
New Kaylaborough, OR 59391",Y,hours
821,Anne Butler,647-37-6043,"05339 Miller Crest Suite 009
Tranville, MP 48680",N,miles
822,Johnny Hall,210-01-4663,"2168 West Extension Suite 587
Welchville, MA 21400",N,hours
823,Tracy Gibson,782-20-0346,"PSC 4446, Box 4049
APO AE 72058",N,hours
824,Sharon Baxter,602-11-3790,"3240 Lowe Haven
North Samanthaburgh, CO 30739",N,miles
825,Valerie Jones,048-92-9992,"34070 Kaitlyn Radial
Ricehaven, SD 69750",Y,miles
826,Gregory Hunter,852-85-4731,"24099 Tiffany Mount
South Zachary, MI 03371",Y,miles
827,Kelly Bush,070-59-0621,"017 Donald Lodge
Ginahaven, MD 29631",Y,hours
828,Shelly Lee,685-91-9555,"28408 Ellis Plains
Lake Patricia, OK 50421",N,hours
829,Megan Oconnor PhD,055-12-1842,"614 Daniel Parkway Apt. 875
Lake Aliciafort, FM 85277",Y,hours
830,Scott Carter,495-66-7919,"3237 Bianca Junctions
Gilmorefort, WA 03048",N,hours
831,Alexandria Clay,801-33-7208,"4250 Garcia Cove
Port Melissaview, IN 51466",N,miles
832,Micheal Nelson,828-79-8908,"787 Madison Villages Suite 959
New April, GU 38955",Y,hours
833,Colleen Hart,028-23-2831,"03419 Williams Corner
Jasonview, DE 18241",Y,hours
834,Elizabeth Carroll,831-39-2580,"01189 Liu Mountains
New Julieport, NY 26416",Y,hours
835,Scott Graham,455-31-2163,"49554 Rebecca Haven
New Todd, FM 11733",N,miles
836,Allen Miller,365-43-6704,"04682 Fischer Manor
Lake Michelle, CT 76101",Y,miles
837,Eric Newman DDS,491-51-9359,"93167 Gina Gateway Apt. 781
West Christine, WI 33484",N,miles
838,Richard Johnson,394-06-0217,"USNS Conner
FPO AP 47302",N,hours
839,Albert Robles,755-02-4173,"06350 Michael Street Apt. 820
East Erin, MD 83052",Y,hours
840,Jason Griffin,593-16-4168,"Unit 2492 Box 4650
DPO AE 27579",N,hours
841,Melissa Wade,848-65-6875,"62359 Taylor Center Apt. 790
North Jessica, NV 12581",Y,miles
842,David Perry,805-14-0773,"861 Kara Mountain Suite 415
Johnsonview, IA 80409",Y,miles
843,Tammy Moore,890-07-4550,"Unit 0916 Box 0485
DPO AP 64368",N,hours
844,Joshua Guerrero,013-27-9406,"1198 Jason Park
Pittmantown, VA 69560",Y,miles
845,Erik Harper,635-71-1047,"178 Gibson Glen
South Jenniferchester, AR 67087",N,hours
846,Hannah Monroe,556-58-0783,"65399 Cooley Ridges Suite 062
Alexismouth, PR 85141",Y,hours
847,Valerie Beck,878-36-1666,"787 Paul Unions
Feliciamouth, KS 36156",N,hours
848,Ronald Smith,043-54-9142,"45311 April Branch Suite 862
Kevinville, WV 31861",Y,miles
849,Kayla Wagner,857-55-1898,"53043 Franklin Courts
Josephberg, DE 12819",Y,miles
850,Michael Butler,342-95-8204,"10396 Nicholson Field Suite 043
New Susanland, NV 14761",N,hours
851,Jennifer Contreras,368-07-1781,"59575 Bell Tunnel Suite 066
Lake Jane, KS 37410",Y,miles
852,Melissa Hayes,826-23-1944,"60625 James Isle
New Jacqueline, KS 10764",Y,hours
853,Anna Briggs,743-76-6252,"815 Chavez Courts Apt. 405
Port Stuart, NV 66201",N,hours
854,Cory Miller,057-67-3083,"0161 Bradshaw View
Bryantmouth, NC 84300",Y,miles
855,Joshua Barrett,039-11-5530,"8833 Conway Canyon Suite 506
Jonathanview, PW 10203",N,hours
856,Anthony Goodwin,585-52-3852,"81859 Derek Ford
New Jackie, ND 19150",Y,miles
857,Jennifer Calhoun,157-63-2763,"71558 Blake Branch
Port Coreyview, MI 60393",N,hours
858,Kara Chavez,514-78-2353,"5167 Cole Forest
Dylanborough, IA 76179",Y,miles
859,Julia White,616-09-8297,"28593 Mitchell Keys Suite 561
West Lindafurt, AK 40847",Y,hours
860,Stephanie Avery,251-37-2003,"164 Dean Path Suite 258
Smithbury, NH 81626",Y,hours
861,Ernest Black,777-44-1948,"6298 Liu Cape
Hilltown, NC 32473",Y,hours
862,Gerald Clark,655-38-8155,"46674 Cynthia Point Suite 046
New Joseph, AL 27873",Y,hours
863,Kyle Levy,111-45-0641,"6960 Sandra Viaduct Apt. 476
Jenniferberg, VA 33406",N,miles
864,Kevin Scott,575-09-1855,"2298 Wheeler Wells Suite 134
North Ryan, NM 97148",N,miles
865,Judy Chang,875-22-1953,"97467 Johnson Fort
New Danielland, IA 09579",N,miles
866,Jonathan Porter,520-83-7887,"113 Booker Expressway
Walkerside, AL 27474",Y,hours
867,Jeffrey Armstrong,348-49-8340,"19417 Jennifer Valleys Apt. 583
Kathleenshire, RI 23134",Y,hours
868,James Underwood,183-05-6786,"7385 Newton Corners Suite 609
West Tiffany, PR 81257",N,hours
869,Wendy Grant,377-66-0661,"1858 Veronica Lodge Suite 627
Bradleyhaven, MP 14256",Y,hours
870,Michael Tran,708-37-5618,"1042 Emily Stream
Lake Christopher, MP 40721",N,miles
871,Maria Deleon,539-63-9045,"5188 Melendez Knolls Suite 520
West Mark, OK 45668",N,hours
872,Lydia Davis,304-90-9207,"5467 Charles Trail
New Aliceside, NM 43149",N,miles
873,Gregory Simmons,846-04-2427,"Unit 8848 Box 3031
DPO AA 16083",Y,hours
874,David Castillo,013-94-2361,"856 Bennett Lodge
Lake Kathryn, HI 94713",Y,miles
875,Leslie Carlson,885-72-8040,"6714 Hill Brook
Jakefort, MN 63773",Y,hours
876,Adam Armstrong,776-75-9497,"15960 Leonard Harbors Apt. 951
North Alyssa, FM 69504",N,miles
877,Derek Hernandez,612-09-4681,"03588 Stephen Pine
Browntown, FL 39450",N,hours
878,Mary Williams,384-39-4701,"84721 Aguilar Branch
Hendersonchester, VT 15240",N,miles
879,Dawn Gonzalez,271-67-8869,"1837 Linda Fall
Davidmouth, AL 61869",N,miles
880,Joy Johnson,717-01-9533,"Unit 7156 Box 1061
DPO AE 25923",N,hours
881,Randy Mason,764-89-8099,"81979 Russell Drives Apt. 781
North Jennifermouth, VA 14199",Y,hours
882,Jessica Baker,752-85-6765,"2314 Li Orchard
Garymouth, FM 04773",Y,miles
883,Dominique Maldonado,781-96-5103,"32057 Darryl Branch Suite 252
Anthonymouth, OH 03848",Y,hours
884,Erika Daniels,695-19-1842,"4939 Snyder Neck
Greenchester, ME 34861",N,hours
885,Timothy Phelps,778-07-4350,"41631 Morris Via
Port Kathleen, NV 12893",N,hours
886,Kenneth Morgan,011-25-6522,"141 Kenneth Trace
Karastad, KY 95191",Y,miles
887,Aaron Collins,462-06-9261,"246 Samantha Curve
East Joyton, UT 75243",N,miles
888,Jimmy Vega,828-37-5183,"736 Tanya Isle
Yvetteland, DE 18707",N,hours
889,Aimee Sexton,613-06-6709,"103 Jordan Manors Suite 625
West Sabrinahaven, GA 70023",N,hours
890,William Hardy,881-74-1259,"623 Anthony Point Apt. 757
Kevinside, GA 20366",Y,miles
891,Adam Diaz,006-97-9989,"1132 Heather Tunnel
Brentport, LA 09346",N,miles
892,James Huerta,793-86-2589,"36493 Amy View
Port Nicole, ID 01591",Y,hours
893,Alyssa Ramirez,857-54-2636,"USCGC Baker
FPO AP 46225",N,hours
894,Thomas Edwards,060-10-9705,"59940 Gonzalez Meadows Apt. 422
Woodsport, KY 91683",N,miles
895,William Malone,377-67-5084,"165 Peter Trace Apt. 092
Karenstad, NC 78812",Y,hours
896,Sharon Evans,861-26-7987,"12156 Gomez Harbors
Roblesland, DC 16995",N,hours
897,Molly Watkins,390-62-2103,"127 Thomas Crossing Suite 418
Brockland, MN 81405",Y,hours
898,Brendan Peterson,347-99-5712,"1186 Smith Roads
New Jacqueline, NE 02095",Y,hours
899,Ashley Nielsen,558-97-2964,"83403 Bailey Wells
Jonesmouth, MD 90412",N,hours
900,Catherine Kennedy,162-61-9474,"3881 Kaufman Brook
New Tiffany, ND 95036",Y,hours
901,Tammy Ortega,498-92-9271,"81102 Kevin Plaza Apt. 936
Jessicaport, LA 90911",N,miles
902,Rebecca Burns,471-60-0434,"30522 Allen Walks Suite 401
Andrewmouth, MT 61551",N,miles
903,Kelly Harris,647-90-5258,"Unit 2886 Box 8070
DPO AP 10967",N,hours
904,Michelle Smith,096-49-4982,"464 Michele Cape Apt. 477
Marytown, CO 36104",Y,miles
905,Alexander Bell,820-70-7324,"4942 Tammy Ferry
East Christy, AS 53847",N,miles
906,Julie Dennis,185-24-8224,"7621 Sheena Locks Apt. 774
Port Sarah, MP 34581",N,hours
907,Kristy Duran,245-79-1291,"USNS Perry
FPO AP 76235",Y,hours
908,Nicole Richards,836-33-1972,"307 Payne Prairie
Jamesstad, MO 53613",N,miles
909,Joshua Rivera,442-64-1676,"4882 Tucker Mountains
Larrymouth, PR 74361",N,hours
910,Bruce Reed,735-30-2744,"759 Ortiz Street Suite 907
Harveyberg, VI 90656",N,miles
911,Stacey Morris,686-75-5155,"58718 Jones Unions Suite 709
South Amyberg, TX 07897",Y,hours
912,Stacy Cooke,868-32-3851,"57925 Bowers Pike
Lake Cory, CO 50476",Y,miles
913,Julie Le,721-21-3194,"19048 Hill Stravenue
West Traceyshire, SD 76425",N,miles
914,Elizabeth Rodriguez,535-75-6571,"572 Castaneda Port
Lake Melissaborough, OH 51242",Y,hours
915,Keith Glenn,379-21-4844,"4223 Cheryl Greens Suite 540
East Greg, LA 35300",Y,miles
916,Isabel Duncan,739-50-8593,"767 Mary Rapid
Port Edwardberg, HI 55805",N,hours
917,Cynthia Williams,291-91-4611,"38642 Harrison Groves
North John, ME 65002",N,miles
918,Joshua Phillips,363-77-1380,"92376 Samuel Fort
East Jodytown, AS 93119",N,miles
919,Mr. Christopher Cherry,047-05-8050,"1446 Shannon Springs
Reneeborough, MD 67320",N,hours
920,Mitchell Miller,182-61-7932,"180 Richards Point
Lake Carolinestad, DE 19762",N,hours
921,April Hamilton,847-67-9095,"6202 Thomas Brooks Suite 679
Matthewburgh, MN 63299",N,hours
922,Joanna Morgan,636-31-7068,"024 Hernandez Inlet
Lake Gloriatown, NY 32609",N,hours
923,Brenda Sloan,142-34-0699,"7870 Ward Avenue
Gallagherstad, CO 42772",Y,miles
924,Jeffrey Nelson,894-15-8817,"692 Anderson Plaza Suite 136
Davidhaven, MI 53408",Y,hours
925,Christine Dixon,204-73-1657,"281 Karen Trace
Bethtown, KY 92422",Y,hours
926,John Vega,862-57-2948,"6414 Melvin Common Apt. 853
Lake Donaldport, NV 13222",Y,miles
927,Joseph Li,853-30-1259,"27929 James Heights Suite 452
Angelaton, OK 93015",N,hours
928,Angela Reed,469-65-7046,"732 Holt Island
Port Brenda, VA 76961",Y,hours
929,Rebecca Odom,803-72-5702,"91988 Deborah Corner Apt. 789
Juliaville, MN 11335",N,miles
930,Phyllis Noble,435-24-1223,"PSC 8243, Box 3052
APO AE 66240",Y,miles
931,Ashley Moody,080-98-1677,"143 Young Harbor
West Juanfurt, VT 85896",N,hours
932,Jennifer Price,308-31-8220,"0552 Sandra Spring
Tranbury, WV 10208",Y,hours
933,Emma Townsend,682-90-0527,"815 Connor Bridge
Thompsonchester, CO 27557",Y,miles
934,Susan Jones,271-72-5752,"32435 Pierce Shoals
South Marybury, MT 11298",Y,hours
935,Kristina Wagner,239-97-3849,"91794 Flynn Stravenue Suite 137
Farleyfurt, NJ 37001",Y,hours
936,Christina Welch,059-75-2242,"87355 Debra Mall
East Crystalport, WI 70975",N,miles
937,Tommy Koch,752-28-6290,"595 Manning Gateway Apt. 078
Phillipland, HI 90021",Y,miles
938,Kimberly Ryan,630-23-8333,"043 Jonathan Court Suite 389
Oliviamouth, IA 85643",Y,miles
939,Jeremy Fry,118-04-5599,"Unit 3823 Box 7135
DPO AP 92076",Y,hours
940,Nancy Obrien,719-39-9635,"USCGC Ballard
FPO AP 13442",N,hours
941,Daniel Golden,831-90-8140,"1317 Robin Summit Apt. 714
Franklinview, NV 92112",N,miles
942,Rachel Williams,551-02-8578,"349 Thompson Plaza Apt. 735
Morganton, NV 95394",Y,miles
943,Mitchell Torres,862-99-1109,"68606 Jasmine Fords
Taylorton, IL 43808",Y,miles
944,Alexis Lawrence,443-35-1462,"535 Andrea Walk
New Aaron, ND 93411",Y,miles
945,Justin Page,781-94-8421,"3879 Seth Crossing Suite 633
Wernerfort, OR 54722",N,hours
946,Danielle Brady,172-63-9687,"889 Paige Islands
East Anne, NH 59155",N,hours
947,Nichole Hall,617-76-6103,"0626 Jackson Trafficway
South Denise, AL 44458",N,hours
948,Christine Daniel,398-29-3138,"76729 Eddie Island
Phillipsview, DE 58922",N,hours
949,Maria Foster,744-79-3064,"5126 Vanessa Key
Lesterport, VT 08318",N,miles
950,Chelsea Shepherd,553-04-8047,"USCGC Webb
FPO AP 81738",N,miles
951,Geoffrey Parker Jr.,339-78-5463,"226 Brandon Highway Apt. 953
South Martin, TN 79737",N,hours
952,Melissa Allen,777-34-6477,"7473 Amy Turnpike Suite 973
Cooperside, NM 13513",Y,hours
953,Jennifer Green,216-50-9222,"04735 Melissa Street Apt. 351
Amyside, KY 08805",N,hours
954,Jeremy Kaiser,028-30-9131,"697 Carly Center Suite 976
Millerhaven, NV 42919",Y,miles
955,Patrick Flynn,170-70-9708,"7504 Melendez Vista Apt. 446
West Jessica, MN 41703",Y,miles
956,Angela Walsh,859-66-2606,"08632 Shaw Bridge
Brownbury, WY 79956",N,hours
957,Alyssa Davis,739-27-0655,"100 Brittney Groves
West Heatherville, PW 01903",N,hours
958,Rachel Foster,138-88-9465,"22500 Andrea Plaza
North Jessicaton, MD 57588",Y,miles
959,Patrick Cook,779-22-4856,"0772 Buckley Passage
South Michael, AS 69897",N,hours
960,James Jackson,212-69-4984,"2918 Ann Mountains
South Amberside, MI 52266",Y,miles
961,Ryan Williams,662-23-4349,"0789 Chapman Route Apt. 153
Chungbury, OH 43906",Y,miles
962,James Young,464-40-8777,"812 Derek Hills
Kennethville, OK 06606",Y,miles
963,Donald Herman,761-49-6043,"6652 Munoz Unions Apt. 946
New Kathyburgh, NH 80846",N,miles
964,Timothy Nelson,327-36-4272,"8918 Atkinson Stravenue Suite 394
East Gailport, WA 58131",Y,hours
965,Lauren Phelps,731-20-2940,"9909 Jeff Ranch
North Joan, FM 88422",N,hours
966,Gregory Townsend,812-40-5731,"4104 Madden Place Suite 538
Thomaschester, PA 40416",N,hours
967,Stacy Grant,042-93-8247,"7704 Soto Run
Whiteport, TN 56728",N,miles
968,Nicholas Bolton,675-59-1542,"68626 Adam Extension
Lake Melissaburgh, AR 83355",Y,miles
969,Kyle York,080-98-9326,"40384 Melissa Estates
Lake Veronica, MP 48873",N,hours
970,Francis Casey,527-51-3862,"8364 Morgan Divide Suite 896
South Christine, WA 52994",N,miles
971,Brandy Winters,819-46-0863,"0500 Nancy Mews Apt. 797
West David, DE 18892",Y,hours
972,Meghan Kramer,444-47-6546,"6045 Allen Mission Apt. 851
East Shawnmouth, VT 60375",Y,hours
973,Casey Little,763-09-9111,"427 Reese Ridges Suite 562
Lake Justinfort, GU 97491",Y,miles
974,Mr. Jared Reese,733-48-4025,"PSC 7569, Box 5872
APO AP 01457",Y,miles
975,Andre Tucker,219-41-4864,"890 Jennifer Courts
Davisville, NY 46340",Y,miles
976,Debra Jordan,279-20-3923,"05434 Rodriguez Extensions Suite 558
North Veronica, VT 58360",N,miles
977,Jessica Walker,225-24-5179,"9856 Williams Route Suite 678
Kyleton, NJ 91057",Y,hours
978,Justin Duran,500-53-5137,"36084 Jeremiah Rapid
New Teresa, NM 16697",Y,hours
979,Kenneth Lang,097-54-1861,"03875 Jonathan Islands
Chapmanland, NH 26628",N,miles
980,Amanda Harrison,876-35-7940,"Unit 0058 Box 9211
DPO AE 73734",N,miles
981,Bobby Davis,432-16-9312,"180 Moyer Meadow
North Chadburgh, SD 93463",N,miles
982,Jonathan Murphy,793-13-6474,"PSC 8833, Box 7219
APO AA 01740",N,miles
983,Allison Lee,272-87-4147,"3818 Patrick Fords Suite 370
Sancheztown, HI 10917",N,hours
984,William Gibson,691-52-9063,"7188 Cox Greens Apt. 550
Ballfurt, IN 81706",N,hours
985,Melanie Gordon,693-12-5151,"44535 Marquez Lodge
West Markmouth, WI 81864",Y,hours
986,Jill Costa DVM,882-59-5969,"USCGC Garcia
FPO AP 45914",N,hours
987,Angelica Odom,138-38-3610,"PSC 8641, Box 8153
APO AA 40982",N,miles
988,Joseph Gutierrez,476-96-2380,"Unit 6102 Box 5982
DPO AE 19042",Y,hours
989,Jacob James,810-41-6954,"2996 Quinn Branch
New David, NJ 40961",Y,miles
990,Austin Kim,013-43-5908,"497 Mackenzie Fall Apt. 320
North Paul, WY 85865",Y,miles
991,Brian White,601-55-9623,"USNV Cook
FPO AE 56568",Y,miles
992,Kimberly Jordan,047-13-2746,"59864 White Isle
Lake Alexander, IN 87324",Y,miles
993,Danielle Baker,650-70-3500,"9815 White Overpass Suite 651
New Jeremyland, NJ 23119",Y,hours
994,Manuel Mccarty,685-69-4330,"361 Smith Isle
Swansonhaven, AK 46155",N,hours
995,Lauren Lambert,258-83-7773,"0129 Bell Overpass Suite 525
Robertbury, AZ 88728",Y,miles
996,Alicia Warner,809-77-3094,"5393 Ana Points Suite 032
Port Kevin, AK 69071",N,miles
997,Jennifer Hunter,315-11-9397,"924 Sarah Run
Christinaland, OR 05131",Y,miles
998,Michael Shaffer,013-09-8319,"Unit 6695 Box 4801
DPO AP 29228",N,hours
999,Sheila Miller,046-08-3918,"744 Betty Glen Suite 551
Jessicaton, WY 83142",Y,hours
1000,Jonathan Martin,043-44-3639,"321 Michael Port Apt. 490
Rogersburgh, KS 21227",Y,hours
1001,Nicole Oneill,745-85-2731,"5378 Yolanda Greens
South Lisamouth, SC 83754",N,miles
1002,Jacob Wilson,117-12-4166,"8395 Ford Motorway Suite 944
New Jordanmouth, ME 62108",N,hours
1003,Emily Campos,195-89-1439,"50567 Justin Grove Suite 705
West Samantha, NJ 27615",Y,miles
1004,Kayla Griffin,569-87-2266,"771 Curry Extension
Marcusbury, AZ 42731",N,miles
1005,Timothy Green,315-88-6595,"476 Kathleen Radial
Hernandezbury, NH 75112",Y,hours
1006,Marcus Cuevas,405-10-6658,"Unit 1857 Box 7309
DPO AP 73261",N,hours
1007,Tamara Smith,541-52-7693,"689 Sparks Lane Suite 211
Lake Jonathan, MO 57722",N,hours
1008,Kathleen Silva,713-39-4515,"34901 Barnes Streets Apt. 817
South Erikafurt, KY 95273",Y,hours
1009,Joseph Chambers,317-61-0312,"730 Michael Fall Apt. 439
Taylorfurt, WY 27586",N,hours
